dataset,mode,strategy,strategy_variant,flip,flip_schedule,metric,mean,std,count,sem,ci95
mnist,real,dfa,dfa_float_lr15,off,off,accuracy,0.9334617579908675,0.0053947509702636605,5,0.002412605978238498,0.006698468059051225
mnist,real,dfa,dfa_float_lr15,off,off,loss,1.3732081566091,0.11358683603871494,5,0.050797577346337906,0.14103668497914645
mnist,real,dfa,dfa_float_lr15,off,off,macro_f1,0.9331798198728084,0.005420421737929442,5,0.0024240862945455566,0.0067303425270680796
mnist,real,dfa,dfa_float_lr15,off,off,sample_count,14016.0,0.0,5,0.0,0.0
mnist,real,dfa,dfa_float_lr15,off,off,samples_per_step,64.0,0.0,5,0.0,0.0
mnist,real,dfa,dfa_float_lr15,off,off,ternary_zero_ratio,0.0,0.0,5,0.0,0.0
mnist,real,dfa,dfa_float_lr15,off,off,test_throughput_samples_sec,236.38319835063675,36.40509408955867,5,16.280853022305802,45.20289468222573
mnist,real,dfa,dfa_float_lr15,off,off,train_throughput_samples_sec,137.8278526404886,17.038125115418712,5,7.619681193444538,21.155626552706806
mnist,real,backprop,backprop_float_lr06,off,off,accuracy,0.9507420091324201,0.0012568018142849538,5,0.0005620588581972445,0.0015605255656748033
mnist,real,backprop,backprop_float_lr06,off,off,loss,0.16964565536951365,0.002557751419769307,5,0.0011438612088301538,0.003175867854282118
mnist,real,backprop,backprop_float_lr06,off,off,macro_f1,0.9504087050285497,0.001221317204064279,5,0.000546189658075542,0.0015164656026734977
mnist,real,backprop,backprop_float_lr06,off,off,sample_count,14016.0,0.0,5,0.0,0.0
mnist,real,backprop,backprop_float_lr06,off,off,samples_per_step,64.0,0.0,5,0.0,0.0
mnist,real,backprop,backprop_float_lr06,off,off,ternary_zero_ratio,0.0,0.0,5,0.0,0.0
mnist,real,backprop,backprop_float_lr06,off,off,test_throughput_samples_sec,185.30012504506402,43.99381769632366,5,19.67463339174258,54.625539577064856
mnist,real,backprop,backprop_float_lr06,off,off,train_throughput_samples_sec,98.05236981696689,23.490570863059713,5,10.505302656015484,29.167396137915624
mnist,real,ternary_dfa,ternary_dfa_step,ternary,per_step,accuracy,0.2983590182648402,0.09912966480385106,5,0.044332133817635865,0.1230857359409489
mnist,real,ternary_dfa,ternary_dfa_step,ternary,per_step,loss,14.5125792621109,2.0562496245367363,5,0.9195827878345123,2.5531711301072777
mnist,real,ternary_dfa,ternary_dfa_step,ternary,per_step,macro_f1,0.18565168307881547,0.08019220936274299,5,0.03586304628019768,0.09957177930213697
mnist,real,ternary_dfa,ternary_dfa_step,ternary,per_step,sample_count,14016.0,0.0,5,0.0,0.0
mnist,real,ternary_dfa,ternary_dfa_step,ternary,per_step,samples_per_step,64.0,0.0,5,0.0,0.0
mnist,real,ternary_dfa,ternary_dfa_step,ternary,per_step,ternary_zero_ratio,0.5882447916666667,0.00384195456218867,5,0.0017181743135038618,0.004770416662604385
mnist,real,ternary_dfa,ternary_dfa_step,ternary,per_step,test_throughput_samples_sec,80.82546785977897,2.780419916857922,5,1.2434415880177252,3.452347310651191
mnist,real,ternary_dfa,ternary_dfa_step,ternary,per_step,train_throughput_samples_sec,59.54462078687974,4.077207943776891,5,1.8233828241374537,5.062522316978172
mnist,real,dfa,dfa_ternary_epoch_tau010,ternary,per_epoch,accuracy,0.7884703196347032,0.053136259487979655,5,0.023763257657038135,0.06597738040543764
mnist,real,dfa,dfa_ternary_epoch_tau010,ternary,per_epoch,loss,4.372186480504125,1.0989758789143305,5,0.4914769541770041,1.364558783742266
mnist,real,dfa,dfa_ternary_epoch_tau010,ternary,per_epoch,macro_f1,0.7818145504068,0.05930305175241318,5,0.02652113099831678,0.07363446434458623
mnist,real,dfa,dfa_ternary_epoch_tau010,ternary,per_epoch,sample_count,14016.0,0.0,5,0.0,0.0
mnist,real,dfa,dfa_ternary_epoch_tau010,ternary,per_epoch,samples_per_step,64.0,0.0,5,0.0,0.0
mnist,real,dfa,dfa_ternary_epoch_tau010,ternary,per_epoch,ternary_zero_ratio,0.748,0.003532763834365339,5,0.0015799000164187411,0.004386505667287735
mnist,real,dfa,dfa_ternary_epoch_tau010,ternary,per_epoch,test_throughput_samples_sec,100.10456413657262,25.256122743630605,5,11.294881460567305,31.35961834498146
mnist,real,dfa,dfa_ternary_epoch_tau010,ternary,per_epoch,train_throughput_samples_sec,79.61371786704217,20.65933777712752,5,9.239136727957305,25.651955944590267
mnist,real,structured,structured_hadamard_float_clip1,off,off,accuracy,0.8025114155251141,0.007745836782418216,5,0.0034640435176210758,0.0096177266686912
mnist,real,structured,structured_hadamard_float_clip1,off,off,loss,0.7443834918819062,0.0227030257572389,5,0.010153101777622964,0.028189529733056346
mnist,real,structured,structured_hadamard_float_clip1,off,off,macro_f1,0.7994441665211278,0.007858123688402338,5,0.0035142597485738006,0.009757149277321376
mnist,real,structured,structured_hadamard_float_clip1,off,off,sample_count,14016.0,0.0,5,0.0,0.0
mnist,real,structured,structured_hadamard_float_clip1,off,off,samples_per_step,64.0,0.0,5,0.0,0.0
mnist,real,structured,structured_hadamard_float_clip1,off,off,ternary_zero_ratio,0.0,0.0,5,0.0,0.0
mnist,real,structured,structured_hadamard_float_clip1,off,off,test_throughput_samples_sec,233.84130319250008,19.02078699875804,5,8.506354542953437,23.61742643386013
mnist,real,structured,structured_hadamard_float_clip1,off,off,train_throughput_samples_sec,137.06926337104292,9.842041717494604,5,4.401494863541343,12.220508869432615
mnist,real,dfa,dfa_ternary_epoch_tau005,ternary,per_epoch,accuracy,0.820105593607306,0.021550323467383527,5,0.009637597642035707,0.026758260799095886
mnist,real,dfa,dfa_ternary_epoch_tau005,ternary,per_epoch,loss,3.724494912045826,0.4454491935979627,5,0.19921093548150173,0.5530982267194899
mnist,real,dfa,dfa_ternary_epoch_tau005,ternary,per_epoch,macro_f1,0.8164640497283798,0.026890036733166197,5,0.012025590010565197,0.033388390521949286
mnist,real,dfa,dfa_ternary_epoch_tau005,ternary,per_epoch,sample_count,14016.0,0.0,5,0.0,0.0
mnist,real,dfa,dfa_ternary_epoch_tau005,ternary,per_epoch,samples_per_step,64.0,0.0,5,0.0,0.0
mnist,real,dfa,dfa_ternary_epoch_tau005,ternary,per_epoch,ternary_zero_ratio,0.4803482142857143,0.0029545537450868914,5,0.0013213166034381748,0.0036685630160325014
mnist,real,dfa,dfa_ternary_epoch_tau005,ternary,per_epoch,test_throughput_samples_sec,83.08941709090941,5.393229961569342,5,2.4119257624715256,6.696579477314536
mnist,real,dfa,dfa_ternary_epoch_tau005,ternary,per_epoch,train_throughput_samples_sec,66.44581339645922,4.5752873784419155,5,2.046130718958586,5.680969619247418
mnist,real,dfa,dfa_ternary_epoch_tau002,ternary,per_epoch,accuracy,0.8238869863013699,0.04209364840679069,5,0.01882485185171194,0.052266167779759336
mnist,real,dfa,dfa_ternary_epoch_tau002,ternary,per_epoch,loss,3.6481355994549545,0.8721137033425099,5,0.39002110495658754,1.0828721877805545
mnist,real,dfa,dfa_ternary_epoch_tau002,ternary,per_epoch,macro_f1,0.8201572895340806,0.04554700810594179,5,0.020369241259323954,0.05655408019104304
mnist,real,dfa,dfa_ternary_epoch_tau002,ternary,per_epoch,sample_count,14016.0,0.0,5,0.0,0.0
mnist,real,dfa,dfa_ternary_epoch_tau002,ternary,per_epoch,samples_per_step,64.0,0.0,5,0.0,0.0
mnist,real,dfa,dfa_ternary_epoch_tau002,ternary,per_epoch,ternary_zero_ratio,0.18528794642857144,0.0010172882062222343,5,0.00045494511636434806,0.0012631301414634372
mnist,real,dfa,dfa_ternary_epoch_tau002,ternary,per_epoch,test_throughput_samples_sec,97.22969517671326,22.215264082805103,5,9.934968125452345,27.583893622208315
mnist,real,dfa,dfa_ternary_epoch_tau002,ternary,per_epoch,train_throughput_samples_sec,77.5412475013454,15.28412378334545,5,6.835267951216339,18.97774624586999
mnist,real,backprop,backprop_float_lr15,off,off,accuracy,0.9646261415525114,0.00033235772542386104,5,0.00014863489337899266,0.0004126766221837009
mnist,real,backprop,backprop_float_lr15,off,off,loss,0.11699848325676435,0.0012544485657347173,5,0.0005610064534519883,0.0015576036216711495
mnist,real,backprop,backprop_float_lr15,off,off,macro_f1,0.9644542518518604,0.00034931947191461736,5,0.0001562204170130826,0.00043373741214793217
mnist,real,backprop,backprop_float_lr15,off,off,sample_count,14016.0,0.0,5,0.0,0.0
mnist,real,backprop,backprop_float_lr15,off,off,samples_per_step,64.0,0.0,5,0.0,0.0
mnist,real,backprop,backprop_float_lr15,off,off,ternary_zero_ratio,7.440476190476191e-07,1.6637410546873434e-06,5,7.44047619047619e-07,2.065807369938838e-06
mnist,real,backprop,backprop_float_lr15,off,off,test_throughput_samples_sec,161.6192565156262,4.19869230709865,5,1.8777122830556008,5.213365077259506
mnist,real,backprop,backprop_float_lr15,off,off,train_throughput_samples_sec,81.69830551613586,1.622093362435544,5,0.7254222048514161,2.014094929861509
mnist,real,dfa,dfa_float,off,off,accuracy,0.9362728310502282,0.005994721812434989,5,0.002680921095761076,0.007443430253747358
mnist,real,dfa,dfa_float,off,off,loss,1.1894196695391972,0.11447731249522804,5,0.051195810524163186,0.14214235753644683
mnist,real,dfa,dfa_float,off,off,macro_f1,0.9360300350059674,0.005992932940649849,5,0.002680121087978155,0.007441209076054347
mnist,real,dfa,dfa_float,off,off,sample_count,14016.0,0.0,5,0.0,0.0
mnist,real,dfa,dfa_float,off,off,samples_per_step,64.0,0.0,5,0.0,0.0
mnist,real,dfa,dfa_float,off,off,ternary_zero_ratio,0.0,0.0,5,0.0,0.0
mnist,real,dfa,dfa_float,off,off,test_throughput_samples_sec,237.50825409550407,14.568781296028488,5,6.515357065449437,18.08953123298298
mnist,real,dfa,dfa_float,off,off,train_throughput_samples_sec,146.43574428631442,14.500979577707142,5,6.485035215217872,18.005344280327012
mnist,real,dfa,dfa_float_lr06,off,off,accuracy,0.9514269406392695,0.0008015038053643418,5,0.00035844339860388575,0.0009951984195442222
mnist,real,dfa,dfa_float_lr06,off,off,loss,0.1630233161440587,0.004549094443165531,5,0.002034416882196936,0.00564844679450745
mnist,real,dfa,dfa_float_lr06,off,off,macro_f1,0.9510636926374687,0.0008231160378052018,5,0.0003681086827805436,0.0010220335504868496
mnist,real,dfa,dfa_float_lr06,off,off,sample_count,14016.0,0.0,5,0.0,0.0
mnist,real,dfa,dfa_float_lr06,off,off,samples_per_step,64.0,0.0,5,0.0,0.0
mnist,real,dfa,dfa_float_lr06,off,off,ternary_zero_ratio,0.0,0.0,5,0.0,0.0
mnist,real,dfa,dfa_float_lr06,off,off,test_throughput_samples_sec,189.10142919188834,27.780347335183805,5,12.423749016005225,34.493857143693674
mnist,real,dfa,dfa_float_lr06,off,off,train_throughput_samples_sec,117.54946293078778,26.261452100681925,5,11.744478416995886,32.607899613969415
mnist,real,dfa,dfa_ternary_step,ternary,per_step,accuracy,0.16405536529680365,0.0627192478332201,5,0.028048900330547303,0.07787623202892897
mnist,real,dfa,dfa_ternary_step,ternary,per_step,loss,17.295904473422237,1.3258526498348349,5,0.5929393306357832,1.6462635022229795
mnist,real,dfa,dfa_ternary_step,ternary,per_step,macro_f1,0.0761992276146866,0.05083037104258176,5,0.02273203299454993,0.06311424173891302
mnist,real,dfa,dfa_ternary_step,ternary,per_step,sample_count,14016.0,0.0,5,0.0,0.0
mnist,real,dfa,dfa_ternary_step,ternary,per_step,samples_per_step,64.0,0.0,5,0.0,0.0
mnist,real,dfa,dfa_ternary_step,ternary,per_step,ternary_zero_ratio,0.6316063988095239,0.003124503264446364,5,0.0013973203390444141,0.0038795832157331924
mnist,real,dfa,dfa_ternary_step,ternary,per_step,test_throughput_samples_sec,126.8443818170417,7.632239299780221,5,3.413241178970794,9.476676764213025
mnist,real,dfa,dfa_ternary_step,ternary,per_step,train_throughput_samples_sec,93.174090766164,4.042019242543246,5,1.8076459585377813,5.018829773512806
mnist,real,structured,structured_hadamard_float,off,off,accuracy,0.7979309360730593,0.009477399849398653,5,0.004238422062640332,0.011767746189580108
mnist,real,structured,structured_hadamard_float,off,off,loss,0.7630415942843103,0.02824995372673252,5,0.012633763378839485,0.03507695049340609
mnist,real,structured,structured_hadamard_float,off,off,macro_f1,0.79471351298561,0.010185621587996898,5,0.004555148452770084,0.012647119625142825
mnist,real,structured,structured_hadamard_float,off,off,sample_count,14016.0,0.0,5,0.0,0.0
mnist,real,structured,structured_hadamard_float,off,off,samples_per_step,64.0,0.0,5,0.0,0.0
mnist,real,structured,structured_hadamard_float,off,off,ternary_zero_ratio,7.440476190476191e-07,1.6637410546873434e-06,5,7.44047619047619e-07,2.065807369938838e-06
mnist,real,structured,structured_hadamard_float,off,off,test_throughput_samples_sec,162.92659196838258,4.880644990993291,5,2.1826907947809695,6.060121173329915
mnist,real,structured,structured_hadamard_float,off,off,train_throughput_samples_sec,98.37561827550601,5.343620150955204,5,2.389739580694705,6.634980761517253
mnist,real,dfa,dfa_float_lr10,off,off,accuracy,0.9362728310502282,0.005994721812434989,5,0.002680921095761076,0.007443430253747358
mnist,real,dfa,dfa_float_lr10,off,off,loss,1.1894196695391972,0.11447731249522804,5,0.051195810524163186,0.14214235753644683
mnist,real,dfa,dfa_float_lr10,off,off,macro_f1,0.9360300350059674,0.005992932940649849,5,0.002680121087978155,0.007441209076054347
mnist,real,dfa,dfa_float_lr10,off,off,sample_count,14016.0,0.0,5,0.0,0.0
mnist,real,dfa,dfa_float_lr10,off,off,samples_per_step,64.0,0.0,5,0.0,0.0
mnist,real,dfa,dfa_float_lr10,off,off,ternary_zero_ratio,0.0,0.0,5,0.0,0.0
mnist,real,dfa,dfa_float_lr10,off,off,test_throughput_samples_sec,217.6124905522203,24.178513146238416,5,10.812959797972281,30.02158930378072
mnist,real,dfa,dfa_float_lr10,off,off,train_throughput_samples_sec,129.13711022332575,20.79671712736709,5,9.300574641125392,25.822534937879368
mnist,real,structured,structured_orth_float,off,off,accuracy,0.8074200913242009,0.007350545064642216,5,0.003287263687243116,0.009126907173940617
mnist,real,structured,structured_orth_float,off,off,loss,0.7312764270392726,0.024709616173577035,5,0.011050476292409298,0.030681040812164113
mnist,real,structured,structured_orth_float,off,off,macro_f1,0.804315690655885,0.007388480956255961,5,0.0033042291337301954,0.009174010804797164
mnist,real,structured,structured_orth_float,off,off,sample_count,14016.0,0.0,5,0.0,0.0
mnist,real,structured,structured_orth_float,off,off,samples_per_step,64.0,0.0,5,0.0,0.0
mnist,real,structured,structured_orth_float,off,off,ternary_zero_ratio,0.0,0.0,5,0.0,0.0
mnist,real,structured,structured_orth_float,off,off,test_throughput_samples_sec,161.01747917667078,12.658900855845005,5,5.661232566819939,15.718101449533588
mnist,real,structured,structured_orth_float,off,off,train_throughput_samples_sec,97.8138093667591,5.601460959620275,5,2.505049495804428,6.955132410904417
mnist,real,backprop,backprop_ternary_step,ternary,per_step,accuracy,0.3757420091324201,0.18011610574172982,5,0.0805503712562096,0.22364368399616863
mnist,real,backprop,backprop_ternary_step,ternary,per_step,loss,7.846494310366635,2.344597962385174,5,1.0485360847601488,2.9112028801555794
mnist,real,backprop,backprop_ternary_step,ternary,per_step,macro_f1,0.3352029618328408,0.20589612561267512,5,0.09207954663475541,0.2556538065428991
mnist,real,backprop,backprop_ternary_step,ternary,per_step,sample_count,14016.0,0.0,5,0.0,0.0
mnist,real,backprop,backprop_ternary_step,ternary,per_step,samples_per_step,64.0,0.0,5,0.0,0.0
mnist,real,backprop,backprop_ternary_step,ternary,per_step,ternary_zero_ratio,0.5535952380952381,0.010974552498472075,5,0.004907969081844743,0.013626706733749971
mnist,real,backprop,backprop_ternary_step,ternary,per_step,test_throughput_samples_sec,118.90045000480309,11.345868768045596,5,5.074026765828349,14.087756777626737
mnist,real,backprop,backprop_ternary_step,ternary,per_step,train_throughput_samples_sec,72.33026738468463,7.285855179605909,5,3.25833349116355,9.046584072643094
mnist,real,backprop,backprop_float,off,off,accuracy,0.9599457762557078,0.000857055757445509,5,0.0003832869868311459,0.0010641752784733482
mnist,real,backprop,backprop_float,off,off,loss,0.13547694938614555,0.001680527097402383,5,0.0007515545655644277,0.0020866499948504133
mnist,real,backprop,backprop_float,off,off,macro_f1,0.9597391623698087,0.0008153695947763382,5,0.0003646443681412699,0.001012415071063773
mnist,real,backprop,backprop_float,off,off,sample_count,14016.0,0.0,5,0.0,0.0
mnist,real,backprop,backprop_float,off,off,samples_per_step,64.0,0.0,5,0.0,0.0
mnist,real,backprop,backprop_float,off,off,ternary_zero_ratio,7.440476190476191e-07,1.6637410546873436e-06,5,7.440476190476191e-07,2.0658073699388383e-06
mnist,real,backprop,backprop_float,off,off,test_throughput_samples_sec,245.22761632296414,13.228723925319697,5,5.916065190518538,16.425630240246278
mnist,real,backprop,backprop_float,off,off,train_throughput_samples_sec,123.10329138461255,2.203771426381962,5,0.985556543252348,2.736343640408644
mnist,real,dfa,dfa_float_clip1,off,off,accuracy,0.9375856164383561,0.0017595398982551856,5,0.0007868901643243316,0.002184757345066582
mnist,real,dfa,dfa_float_clip1,off,off,loss,0.21628102953439435,0.0033927467598335297,5,0.001517282477085985,0.004212651506707774
mnist,real,dfa,dfa_float_clip1,off,off,macro_f1,0.9372038752049707,0.0017863504662403485,5,0.0007988802148303724,0.0022180470621051534
mnist,real,dfa,dfa_float_clip1,off,off,sample_count,14016.0,0.0,5,0.0,0.0
mnist,real,dfa,dfa_float_clip1,off,off,samples_per_step,64.0,0.0,5,0.0,0.0
mnist,real,dfa,dfa_float_clip1,off,off,ternary_zero_ratio,0.0,0.0,5,0.0,0.0
mnist,real,dfa,dfa_float_clip1,off,off,test_throughput_samples_sec,236.60896520878833,26.815534249534057,5,11.992271486986391,33.295883470246494
mnist,real,dfa,dfa_float_clip1,off,off,train_throughput_samples_sec,145.18255800391472,6.763812397369642,5,3.0248688615148676,8.398382344418192
mnist,real,structured,structured_hadamard_ternary,ternary,per_step,accuracy,0.3565639269406393,0.03801881764926579,5,0.017002532137585413,0.047206597129367284
mnist,real,structured,structured_hadamard_ternary,ternary,per_step,loss,13.083105177051504,0.7996417339763133,5,0.35761065496336797,0.9928863525396219
mnist,real,structured,structured_hadamard_ternary,ternary,per_step,macro_f1,0.2916796905410354,0.03853664373449876,5,0.017234111003006116,0.04784956313673186
mnist,real,structured,structured_hadamard_ternary,ternary,per_step,sample_count,14016.0,0.0,5,0.0,0.0
mnist,real,structured,structured_hadamard_ternary,ternary,per_step,samples_per_step,64.0,0.0,5,0.0,0.0
mnist,real,structured,structured_hadamard_ternary,ternary,per_step,ternary_zero_ratio,0.6767938988095238,0.0009288734997356469,5,0.0004154048575814079,0.0011533487835072886
mnist,real,structured,structured_hadamard_ternary,ternary,per_step,test_throughput_samples_sec,125.79977038845905,16.401978791451622,5,7.335187908639134,20.365746564647203
mnist,real,structured,structured_hadamard_ternary,ternary,per_step,train_throughput_samples_sec,90.92276745571776,11.215455171176798,5,5.0157040322705715,13.92582690951849
mnist,real,backprop,backprop_float_lr10,off,off,accuracy,0.9599457762557078,0.000857055757445509,5,0.0003832869868311459,0.0010641752784733482
mnist,real,backprop,backprop_float_lr10,off,off,loss,0.13547694938614555,0.001680527097402383,5,0.0007515545655644277,0.0020866499948504133
mnist,real,backprop,backprop_float_lr10,off,off,macro_f1,0.9597391623698087,0.0008153695947763382,5,0.0003646443681412699,0.001012415071063773
mnist,real,backprop,backprop_float_lr10,off,off,sample_count,14016.0,0.0,5,0.0,0.0
mnist,real,backprop,backprop_float_lr10,off,off,samples_per_step,64.0,0.0,5,0.0,0.0
mnist,real,backprop,backprop_float_lr10,off,off,ternary_zero_ratio,7.440476190476191e-07,1.6637410546873436e-06,5,7.440476190476191e-07,2.0658073699388383e-06
mnist,real,backprop,backprop_float_lr10,off,off,test_throughput_samples_sec,195.66256147935383,37.48646931376079,5,16.764458724405806,46.545599366667034
mnist,real,backprop,backprop_float_lr10,off,off,train_throughput_samples_sec,99.63034251654732,17.193045985510537,5,7.688963912776285,21.34798621967023
mnist,real,dfa,dfa_ternary_epoch,ternary,per_epoch,accuracy,0.820105593607306,0.021550323467383527,5,0.009637597642035707,0.026758260799095886
mnist,real,dfa,dfa_ternary_epoch,ternary,per_epoch,loss,3.724494912045826,0.4454491935979627,5,0.19921093548150173,0.5530982267194899
mnist,real,dfa,dfa_ternary_epoch,ternary,per_epoch,macro_f1,0.8164640497283798,0.026890036733166197,5,0.012025590010565197,0.033388390521949286
mnist,real,dfa,dfa_ternary_epoch,ternary,per_epoch,sample_count,14016.0,0.0,5,0.0,0.0
mnist,real,dfa,dfa_ternary_epoch,ternary,per_epoch,samples_per_step,64.0,0.0,5,0.0,0.0
mnist,real,dfa,dfa_ternary_epoch,ternary,per_epoch,ternary_zero_ratio,0.4803482142857143,0.0029545537450868914,5,0.0013213166034381748,0.0036685630160325014
mnist,real,dfa,dfa_ternary_epoch,ternary,per_epoch,test_throughput_samples_sec,80.93602597756683,8.678285217061214,5,3.8810471346960784,10.775514320168869
mnist,real,dfa,dfa_ternary_epoch,ternary,per_epoch,train_throughput_samples_sec,66.96369322813436,6.424362614720581,5,2.873062303724702,7.97689977010476
mnist,real,structured,structured_orth_ternary,ternary,per_step,accuracy,0.3603025114155251,0.035983315194785315,5,0.01609222776626821,0.04467918701338348
mnist,real,structured,structured_orth_ternary,ternary,per_step,loss,13.026595302376936,0.782961087925875,5,0.35015084326788926,0.9721745948720127
mnist,real,structured,structured_orth_ternary,ternary,per_step,macro_f1,0.2932810579478323,0.04381836038515352,5,0.01959616649675743,0.054407680550563255
mnist,real,structured,structured_orth_ternary,ternary,per_step,sample_count,14016.0,0.0,5,0.0,0.0
mnist,real,structured,structured_orth_ternary,ternary,per_step,samples_per_step,64.0,0.0,5,0.0,0.0
mnist,real,structured,structured_orth_ternary,ternary,per_step,ternary_zero_ratio,0.6767909226190476,0.0008769690993098891,5,0.0003921925040447352,0.001088900958150273
mnist,real,structured,structured_orth_ternary,ternary,per_step,test_throughput_samples_sec,82.78248818070503,4.457562100795592,5,1.9934823742611423,5.534794380315435
mnist,real,structured,structured_orth_ternary,ternary,per_step,train_throughput_samples_sec,61.085353781570255,3.116488543493914,5,1.3937360468703401,3.8696316252708858
mnist,offline,dfa,dfa_float_lr15,off,off,accuracy,1.0,0.0,5,0.0,0.0
mnist,offline,dfa,dfa_float_lr15,off,off,loss,0.009048381075263023,0.00029310176745831043,5,0.00013107909527242356,0.0003639339124628763
mnist,offline,dfa,dfa_float_lr15,off,off,macro_f1,0.9999999993942372,0.0,5,0.0,0.0
mnist,offline,dfa,dfa_float_lr15,off,off,sample_count,128.0,0.0,5,0.0,0.0
mnist,offline,dfa,dfa_float_lr15,off,off,samples_per_step,64.0,0.0,5,0.0,0.0
mnist,offline,dfa,dfa_float_lr15,off,off,ternary_zero_ratio,1.4880952380952381e-06,2.0376583240519574e-06,5,9.112685054996942e-07,2.5300869816155395e-06
mnist,offline,dfa,dfa_float_lr15,off,off,test_throughput_samples_sec,329.4456318283213,21.379161257622705,5,9.561051574794853,26.545734845382874
mnist,offline,dfa,dfa_float_lr15,off,off,train_throughput_samples_sec,172.74675314582944,27.577825432140788,5,12.333178467577863,34.24239298783745
mnist,offline,backprop,backprop_float_lr06,off,off,accuracy,1.0,0.0,5,0.0,0.0
mnist,offline,backprop,backprop_float_lr06,off,off,loss,0.985497897863388,0.09582661809979953,5,0.04285496642501269,0.1189844617641425
mnist,offline,backprop,backprop_float_lr06,off,off,macro_f1,0.9999999993942372,0.0,5,0.0,0.0
mnist,offline,backprop,backprop_float_lr06,off,off,sample_count,128.0,0.0,5,0.0,0.0
mnist,offline,backprop,backprop_float_lr06,off,off,samples_per_step,64.0,0.0,5,0.0,0.0
mnist,offline,backprop,backprop_float_lr06,off,off,ternary_zero_ratio,0.0,0.0,5,0.0,0.0
mnist,offline,backprop,backprop_float_lr06,off,off,test_throughput_samples_sec,305.0608458566072,64.35455700494708,5,28.780232824989387,79.9067365533948
mnist,offline,backprop,backprop_float_lr06,off,off,train_throughput_samples_sec,135.85100479883545,16.04694894646281,5,7.176413735151894,19.924918787836727
mnist,offline,ternary_dfa,ternary_dfa_step,ternary,per_step,accuracy,1.0,0.0,5,0.0,0.0
mnist,offline,ternary_dfa,ternary_dfa_step,ternary,per_step,loss,-1.000000082240371e-09,0.0,5,0.0,0.0
mnist,offline,ternary_dfa,ternary_dfa_step,ternary,per_step,macro_f1,0.9999999993942372,0.0,5,0.0,0.0
mnist,offline,ternary_dfa,ternary_dfa_step,ternary,per_step,sample_count,128.0,0.0,5,0.0,0.0
mnist,offline,ternary_dfa,ternary_dfa_step,ternary,per_step,samples_per_step,64.0,0.0,5,0.0,0.0
mnist,offline,ternary_dfa,ternary_dfa_step,ternary,per_step,ternary_zero_ratio,0.5767946428571429,0.007937240489273063,5,0.0035496418575556516,0.00985538576061561
mnist,offline,ternary_dfa,ternary_dfa_step,ternary,per_step,test_throughput_samples_sec,149.76729378170447,6.877696971355461,5,3.075799591319047,8.539788719887158
mnist,offline,ternary_dfa,ternary_dfa_step,ternary,per_step,train_throughput_samples_sec,107.42831977732718,9.385390823389509,5,4.197274375300332,11.653501894474756
mnist,offline,dfa,dfa_ternary_epoch_tau010,ternary,per_epoch,accuracy,0.91875,0.11778493543584001,5,0.05267502447199241,0.14624931386143758
mnist,offline,dfa,dfa_ternary_epoch_tau010,ternary,per_epoch,loss,1.469850267120733,2.056929243620735,5,0.9198867227286377,2.554014988656371
mnist,offline,dfa,dfa_ternary_epoch_tau010,ternary,per_epoch,macro_f1,0.8943088229822441,0.14472399821787996,5,0.0647225395981476,0.1796985782632476
mnist,offline,dfa,dfa_ternary_epoch_tau010,ternary,per_epoch,sample_count,128.0,0.0,5,0.0,0.0
mnist,offline,dfa,dfa_ternary_epoch_tau010,ternary,per_epoch,samples_per_step,64.0,0.0,5,0.0,0.0
mnist,offline,dfa,dfa_ternary_epoch_tau010,ternary,per_epoch,ternary_zero_ratio,0.950079613095238,0.0012755713983159582,5,0.0005704528713577886,0.0015838310824273618
mnist,offline,dfa,dfa_ternary_epoch_tau010,ternary,per_epoch,test_throughput_samples_sec,157.85620763644556,19.937934985677128,5,8.91651559178907,24.756216070242616
mnist,offline,dfa,dfa_ternary_epoch_tau010,ternary,per_epoch,train_throughput_samples_sec,118.86632742896613,7.760776895387414,5,3.470724939259206,9.63627726909415
mnist,offline,structured,structured_hadamard_float_clip1,off,off,accuracy,0.49375,0.05617399378827359,5,0.025121773735646134,0.06974922572222132
mnist,offline,structured,structured_hadamard_float_clip1,off,off,loss,2.0837472677230835,0.06069018811374892,5,0.027141477237918463,0.07535682162505619
mnist,offline,structured,structured_hadamard_float_clip1,off,off,macro_f1,0.4636776928175287,0.1052381111959941,5,0.0470639140915849,0.1306703739110306
mnist,offline,structured,structured_hadamard_float_clip1,off,off,sample_count,128.0,0.0,5,0.0,0.0
mnist,offline,structured,structured_hadamard_float_clip1,off,off,samples_per_step,64.0,0.0,5,0.0,0.0
mnist,offline,structured,structured_hadamard_float_clip1,off,off,ternary_zero_ratio,0.0,0.0,5,0.0,0.0
mnist,offline,structured,structured_hadamard_float_clip1,off,off,test_throughput_samples_sec,329.58821114849576,46.02596586924258,5,20.58343768274232,57.14878480239384
mnist,offline,structured,structured_hadamard_float_clip1,off,off,train_throughput_samples_sec,172.0763363757581,14.643308071604343,5,6.548686452715733,18.182068447117732
mnist,offline,dfa,dfa_ternary_epoch_tau005,ternary,per_epoch,accuracy,1.0,0.0,5,0.0,0.0
mnist,offline,dfa,dfa_ternary_epoch_tau005,ternary,per_epoch,loss,-1.000000082240371e-09,0.0,5,0.0,0.0
mnist,offline,dfa,dfa_ternary_epoch_tau005,ternary,per_epoch,macro_f1,0.9999999993942372,0.0,5,0.0,0.0
mnist,offline,dfa,dfa_ternary_epoch_tau005,ternary,per_epoch,sample_count,128.0,0.0,5,0.0,0.0
mnist,offline,dfa,dfa_ternary_epoch_tau005,ternary,per_epoch,samples_per_step,64.0,0.0,5,0.0,0.0
mnist,offline,dfa,dfa_ternary_epoch_tau005,ternary,per_epoch,ternary_zero_ratio,0.6078943452380953,0.006961569530036688,5,0.0031133085398506594,0.00864393025643887
mnist,offline,dfa,dfa_ternary_epoch_tau005,ternary,per_epoch,test_throughput_samples_sec,133.0553781607136,18.39254567580349,5,8.225396482073283,22.83736180096356
mnist,offline,dfa,dfa_ternary_epoch_tau005,ternary,per_epoch,train_throughput_samples_sec,107.02578975722153,23.520845773291168,5,10.51884200747353,29.20498740399887
mnist,offline,dfa,dfa_ternary_epoch_tau002,ternary,per_epoch,accuracy,1.0,0.0,5,0.0,0.0
mnist,offline,dfa,dfa_ternary_epoch_tau002,ternary,per_epoch,loss,-1.000000082240371e-09,0.0,5,0.0,0.0
mnist,offline,dfa,dfa_ternary_epoch_tau002,ternary,per_epoch,macro_f1,0.9999999993942372,0.0,5,0.0,0.0
mnist,offline,dfa,dfa_ternary_epoch_tau002,ternary,per_epoch,sample_count,128.0,0.0,5,0.0,0.0
mnist,offline,dfa,dfa_ternary_epoch_tau002,ternary,per_epoch,samples_per_step,64.0,0.0,5,0.0,0.0
mnist,offline,dfa,dfa_ternary_epoch_tau002,ternary,per_epoch,ternary_zero_ratio,0.2527633928571429,0.005406776009728309,5,0.0024179837393735124,0.0067133991176314585
mnist,offline,dfa,dfa_ternary_epoch_tau002,ternary,per_epoch,test_throughput_samples_sec,165.19056884442827,13.48478836821008,5,6.03058069070324,16.74357624020337
mnist,offline,dfa,dfa_ternary_epoch_tau002,ternary,per_epoch,train_throughput_samples_sec,120.72166885960428,6.583389971932057,5,2.9441814999261022,8.17435831428374
mnist,offline,backprop,backprop_float_lr15,off,off,accuracy,1.0,0.0,5,0.0,0.0
mnist,offline,backprop,backprop_float_lr15,off,off,loss,0.13739148452877997,0.022260593391147557,5,0.0099552400084177,0.027640177392440613
mnist,offline,backprop,backprop_float_lr15,off,off,macro_f1,0.9999999993942372,0.0,5,0.0,0.0
mnist,offline,backprop,backprop_float_lr15,off,off,sample_count,128.0,0.0,5,0.0,0.0
mnist,offline,backprop,backprop_float_lr15,off,off,samples_per_step,64.0,0.0,5,0.0,0.0
mnist,offline,backprop,backprop_float_lr15,off,off,ternary_zero_ratio,0.0,0.0,5,0.0,0.0
mnist,offline,backprop,backprop_float_lr15,off,off,test_throughput_samples_sec,317.56603216130327,39.56487984817439,5,17.6939521724259,49.12628690073584
mnist,offline,backprop,backprop_float_lr15,off,off,train_throughput_samples_sec,148.1184381501363,10.600049296577478,5,4.7404861583992135,13.161699590745414
mnist,offline,dfa,dfa_float,off,off,accuracy,1.0,0.0,5,0.0,0.0
mnist,offline,dfa,dfa_float,off,off,loss,0.019121796265244483,0.0006358743213668678,5,0.0002843716415445727,0.0007895422522234918
mnist,offline,dfa,dfa_float,off,off,macro_f1,0.9999999993942372,0.0,5,0.0,0.0
mnist,offline,dfa,dfa_float,off,off,sample_count,128.0,0.0,5,0.0,0.0
mnist,offline,dfa,dfa_float,off,off,samples_per_step,64.0,0.0,5,0.0,0.0
mnist,offline,dfa,dfa_float,off,off,ternary_zero_ratio,0.0,0.0,5,0.0,0.0
mnist,offline,dfa,dfa_float,off,off,test_throughput_samples_sec,303.1687838524638,59.43016793976031,5,26.577979085506534,73.79229993800408
mnist,offline,dfa,dfa_float,off,off,train_throughput_samples_sec,181.0149253305668,11.066564093056826,5,4.9491179178866735,13.740954218163177
mnist,offline,dfa,dfa_float_lr06,off,off,accuracy,1.0,0.0,5,0.0,0.0
mnist,offline,dfa,dfa_float_lr06,off,off,loss,0.06825098246335984,0.007664428507630405,5,0.00342763663034977,0.009516644944731296
mnist,offline,dfa,dfa_float_lr06,off,off,macro_f1,0.9999999993942372,0.0,5,0.0,0.0
mnist,offline,dfa,dfa_float_lr06,off,off,sample_count,128.0,0.0,5,0.0,0.0
mnist,offline,dfa,dfa_float_lr06,off,off,samples_per_step,64.0,0.0,5,0.0,0.0
mnist,offline,dfa,dfa_float_lr06,off,off,ternary_zero_ratio,0.0,0.0,5,0.0,0.0
mnist,offline,dfa,dfa_float_lr06,off,off,test_throughput_samples_sec,323.852510730854,44.31254021347179,5,19.81717043460319,55.02128585202457
mnist,offline,dfa,dfa_float_lr06,off,off,train_throughput_samples_sec,160.74326573169427,9.921924828210974,5,4.437219676704532,12.319696852073658
mnist,offline,dfa,dfa_ternary_step,ternary,per_step,accuracy,0.9359375,0.08845737409198852,5,0.03955934031616301,0.10983433678566473
mnist,offline,dfa,dfa_ternary_step,ternary,per_step,loss,1.150600438893025,1.913108031045365,5,0.8555679211436428,2.3754373668235234
mnist,offline,dfa,dfa_ternary_step,ternary,per_step,macro_f1,0.94465475770259,0.06257171890061995,5,0.027982923386158924,0.07769305066462595
mnist,offline,dfa,dfa_ternary_step,ternary,per_step,sample_count,128.0,0.0,5,0.0,0.0
mnist,offline,dfa,dfa_ternary_step,ternary,per_step,samples_per_step,64.0,0.0,5,0.0,0.0
mnist,offline,dfa,dfa_ternary_step,ternary,per_step,ternary_zero_ratio,0.6627626488095238,0.007944386445203608,5,0.003552837626200635,0.009864258636827319
mnist,offline,dfa,dfa_ternary_step,ternary,per_step,test_throughput_samples_sec,157.44060642359653,14.24655370801181,5,6.371252507243219,17.689432837714637
mnist,offline,dfa,dfa_ternary_step,ternary,per_step,train_throughput_samples_sec,111.8510788812005,5.1803670094567345,5,2.3167305563085105,6.432275213124937
mnist,offline,structured,structured_hadamard_float,off,off,accuracy,0.9078125,0.05535309244974484,5,0.024754655496491963,0.06872994208409289
mnist,offline,structured,structured_hadamard_float,off,off,loss,1.7803616285324098,0.0639002118833975,5,0.028577043509583337,0.07934259257320718
mnist,offline,structured,structured_hadamard_float,off,off,macro_f1,0.8763578227489169,0.07051938232923767,5,0.031537226523894575,0.08756137821378128
mnist,offline,structured,structured_hadamard_float,off,off,sample_count,128.0,0.0,5,0.0,0.0
mnist,offline,structured,structured_hadamard_float,off,off,samples_per_step,64.0,0.0,5,0.0,0.0
mnist,offline,structured,structured_hadamard_float,off,off,ternary_zero_ratio,0.0,0.0,5,0.0,0.0
mnist,offline,structured,structured_hadamard_float,off,off,test_throughput_samples_sec,302.93993510912236,18.195187788834378,5,8.137135351841552,22.592309617952445
mnist,offline,structured,structured_hadamard_float,off,off,train_throughput_samples_sec,173.27869539404804,12.52252166040554,5,5.600241936476064,15.54876431245241
mnist,offline,dfa,dfa_float_lr10,off,off,accuracy,1.0,0.0,5,0.0,0.0
mnist,offline,dfa,dfa_float_lr10,off,off,loss,0.019121796265244483,0.0006358743213668678,5,0.0002843716415445727,0.0007895422522234918
mnist,offline,dfa,dfa_float_lr10,off,off,macro_f1,0.9999999993942372,0.0,5,0.0,0.0
mnist,offline,dfa,dfa_float_lr10,off,off,sample_count,128.0,0.0,5,0.0,0.0
mnist,offline,dfa,dfa_float_lr10,off,off,samples_per_step,64.0,0.0,5,0.0,0.0
mnist,offline,dfa,dfa_float_lr10,off,off,ternary_zero_ratio,0.0,0.0,5,0.0,0.0
mnist,offline,dfa,dfa_float_lr10,off,off,test_throughput_samples_sec,293.04581463322603,21.925709240702318,5,9.805475263421135,27.224363799263706
mnist,offline,dfa,dfa_float_lr10,off,off,train_throughput_samples_sec,160.3227168352741,23.289480969960596,5,10.415372521903926,28.917710057251806
mnist,offline,structured,structured_orth_float,off,off,accuracy,0.846875,0.05485465525481862,5,0.024531747606418096,0.06811105056378734
mnist,offline,structured,structured_orth_float,off,off,loss,1.785494089126587,0.06999344779690703,5,0.0313020214506934,0.08690834423957419
mnist,offline,structured,structured_orth_float,off,off,macro_f1,0.8244519082755536,0.08660872722636628,5,0.03873260030457836,0.10753893852722936
mnist,offline,structured,structured_orth_float,off,off,sample_count,128.0,0.0,5,0.0,0.0
mnist,offline,structured,structured_orth_float,off,off,samples_per_step,64.0,0.0,5,0.0,0.0
mnist,offline,structured,structured_orth_float,off,off,ternary_zero_ratio,0.0,0.0,5,0.0,0.0
mnist,offline,structured,structured_orth_float,off,off,test_throughput_samples_sec,289.59831005173737,23.651373329508644,5,10.577215705201372,29.36705877132763
mnist,offline,structured,structured_orth_float,off,off,train_throughput_samples_sec,176.07846164270518,10.522349038994122,5,4.705737546834088,13.065221978253001
mnist,offline,backprop,backprop_ternary_step,ternary,per_step,accuracy,1.0,0.0,5,0.0,0.0
mnist,offline,backprop,backprop_ternary_step,ternary,per_step,loss,-1.000000082240371e-09,0.0,5,0.0,0.0
mnist,offline,backprop,backprop_ternary_step,ternary,per_step,macro_f1,0.9999999993942372,0.0,5,0.0,0.0
mnist,offline,backprop,backprop_ternary_step,ternary,per_step,sample_count,128.0,0.0,5,0.0,0.0
mnist,offline,backprop,backprop_ternary_step,ternary,per_step,samples_per_step,64.0,0.0,5,0.0,0.0
mnist,offline,backprop,backprop_ternary_step,ternary,per_step,ternary_zero_ratio,0.5215215773809524,0.03457460642099056,5,0.01546223405052712,0.042930044045008754
mnist,offline,backprop,backprop_ternary_step,ternary,per_step,test_throughput_samples_sec,168.00029253755466,13.509729925781672,5,6.041734894342201,16.774545274299143
mnist,offline,backprop,backprop_ternary_step,ternary,per_step,train_throughput_samples_sec,97.98098569535148,3.008347722896384,5,1.345374001670603,3.735357061598721
mnist,offline,backprop,backprop_float,off,off,accuracy,1.0,0.0,5,0.0,0.0
mnist,offline,backprop,backprop_float,off,off,loss,0.38953615427017213,0.06308390734282238,5,0.028211981020969792,0.07832901661360478
mnist,offline,backprop,backprop_float,off,off,macro_f1,0.9999999993942372,0.0,5,0.0,0.0
mnist,offline,backprop,backprop_float,off,off,sample_count,128.0,0.0,5,0.0,0.0
mnist,offline,backprop,backprop_float,off,off,samples_per_step,64.0,0.0,5,0.0,0.0
mnist,offline,backprop,backprop_float,off,off,ternary_zero_ratio,0.0,0.0,5,0.0,0.0
mnist,offline,backprop,backprop_float,off,off,test_throughput_samples_sec,309.26598665009885,31.44220238967616,5,14.061380381124446,39.04065073149732
mnist,offline,backprop,backprop_float,off,off,train_throughput_samples_sec,149.16969728949124,8.195016479944986,5,3.664922785177606,10.175456927834247
mnist,offline,dfa,dfa_float_clip1,off,off,accuracy,0.2015625,0.09764062374979995,5,0.04366621441400662,0.12123684727228626
mnist,offline,dfa,dfa_float_clip1,off,off,loss,2.253910493850708,0.06052005421638209,5,0.027065391045960622,0.0751455724898217
mnist,offline,dfa,dfa_float_clip1,off,off,macro_f1,0.12795658139527263,0.08781518130985545,5,0.03927214297306116,0.10903694912818379
mnist,offline,dfa,dfa_float_clip1,off,off,sample_count,128.0,0.0,5,0.0,0.0
mnist,offline,dfa,dfa_float_clip1,off,off,samples_per_step,64.0,0.0,5,0.0,0.0
mnist,offline,dfa,dfa_float_clip1,off,off,ternary_zero_ratio,0.0,0.0,5,0.0,0.0
mnist,offline,dfa,dfa_float_clip1,off,off,test_throughput_samples_sec,282.0742488520361,33.97698925633778,5,15.19497152959026,42.18800432695079
mnist,offline,dfa,dfa_float_clip1,off,off,train_throughput_samples_sec,157.459852826341,31.35232082641565,5,14.021184124049554,38.929048030294474
mnist,offline,structured,structured_hadamard_ternary,ternary,per_step,accuracy,0.821875,0.06161482547853236,5,0.02755498763835687,0.07650491055230178
mnist,offline,structured,structured_hadamard_ternary,ternary,per_step,loss,3.6913317263842047,1.2768604079502999,5,0.5710293339909966,1.5854315992836616
mnist,offline,structured,structured_hadamard_ternary,ternary,per_step,macro_f1,0.7956225869012414,0.08611022365717945,5,0.038509662731032755,0.10691996459239399
mnist,offline,structured,structured_hadamard_ternary,ternary,per_step,sample_count,128.0,0.0,5,0.0,0.0
mnist,offline,structured,structured_hadamard_ternary,ternary,per_step,samples_per_step,64.0,0.0,5,0.0,0.0
mnist,offline,structured,structured_hadamard_ternary,ternary,per_step,ternary_zero_ratio,0.6783355654761904,0.0009649145911467471,5,0.00043152292365710864,0.0011980997091684228
mnist,offline,structured,structured_hadamard_ternary,ternary,per_step,test_throughput_samples_sec,156.4521278843748,20.59439113379105,5,9.21009170607515,25.571314035755194
mnist,offline,structured,structured_hadamard_ternary,ternary,per_step,train_throughput_samples_sec,104.55886912502565,7.071764713792289,5,3.1625893241847804,8.780755648883648
mnist,offline,backprop,backprop_float_lr10,off,off,accuracy,1.0,0.0,5,0.0,0.0
mnist,offline,backprop,backprop_float_lr10,off,off,loss,0.38953615427017213,0.06308390734282238,5,0.028211981020969792,0.07832901661360478
mnist,offline,backprop,backprop_float_lr10,off,off,macro_f1,0.9999999993942372,0.0,5,0.0,0.0
mnist,offline,backprop,backprop_float_lr10,off,off,sample_count,128.0,0.0,5,0.0,0.0
mnist,offline,backprop,backprop_float_lr10,off,off,samples_per_step,64.0,0.0,5,0.0,0.0
mnist,offline,backprop,backprop_float_lr10,off,off,ternary_zero_ratio,0.0,0.0,5,0.0,0.0
mnist,offline,backprop,backprop_float_lr10,off,off,test_throughput_samples_sec,304.1294348863704,42.7430637216448,5,19.115279209640583,53.072523396095846
mnist,offline,backprop,backprop_float_lr10,off,off,train_throughput_samples_sec,111.68387112469922,26.199140589826285,5,11.7166118621851,32.53052965426629
mnist,offline,dfa,dfa_ternary_epoch,ternary,per_epoch,accuracy,1.0,0.0,5,0.0,0.0
mnist,offline,dfa,dfa_ternary_epoch,ternary,per_epoch,loss,-1.000000082240371e-09,0.0,5,0.0,0.0
mnist,offline,dfa,dfa_ternary_epoch,ternary,per_epoch,macro_f1,0.9999999993942372,0.0,5,0.0,0.0
mnist,offline,dfa,dfa_ternary_epoch,ternary,per_epoch,sample_count,128.0,0.0,5,0.0,0.0
mnist,offline,dfa,dfa_ternary_epoch,ternary,per_epoch,samples_per_step,64.0,0.0,5,0.0,0.0
mnist,offline,dfa,dfa_ternary_epoch,ternary,per_epoch,ternary_zero_ratio,0.6078943452380953,0.006961569530036688,5,0.0031133085398506594,0.00864393025643887
mnist,offline,dfa,dfa_ternary_epoch,ternary,per_epoch,test_throughput_samples_sec,173.32920693085597,5.2659692121382555,5,2.35501302515243,6.538564386361525
mnist,offline,dfa,dfa_ternary_epoch,ternary,per_epoch,train_throughput_samples_sec,123.00008893281627,8.95763848693744,5,4.005977714932095,11.122377218154679
mnist,offline,structured,structured_orth_ternary,ternary,per_step,accuracy,0.8546875,0.04834921389614313,5,0.021622425786090697,0.06003347823629418
mnist,offline,structured,structured_orth_ternary,ternary,per_step,loss,2.9994076479015996,1.0133401304072942,5,0.45317948318384227,1.258227957861847
mnist,offline,structured,structured_orth_ternary,ternary,per_step,macro_f1,0.797463719894536,0.07095197691038149,5,0.0317306887019217,0.0880985153310056
mnist,offline,structured,structured_orth_ternary,ternary,per_step,sample_count,128.0,0.0,5,0.0,0.0
mnist,offline,structured,structured_orth_ternary,ternary,per_step,samples_per_step,64.0,0.0,5,0.0,0.0
mnist,offline,structured,structured_orth_ternary,ternary,per_step,ternary_zero_ratio,0.6782909226190477,0.0009262742913228778,5,0.00041424245624167963,0.0011501214399973246
mnist,offline,structured,structured_orth_ternary,ternary,per_step,test_throughput_samples_sec,164.290962775217,21.282435620693846,5,9.517794554926873,26.425634104304976
mnist,offline,structured,structured_orth_ternary,ternary,per_step,train_throughput_samples_sec,115.35102941099959,4.651571925233205,5,2.0802462054102033,5.775689394617453
fashion_mnist,real,dfa,dfa_float_lr15,off,off,accuracy,0.7658105022831051,0.032553626542828486,5,0.014558424372781192,0.040420666089200676
fashion_mnist,real,dfa,dfa_float_lr15,off,off,loss,4.852707097301744,0.6746800337000342,5,0.30172608368302506,0.8377259081522364
fashion_mnist,real,dfa,dfa_float_lr15,off,off,macro_f1,0.7475984385757322,0.04614859582382949,5,0.02063827946564913,0.057301050002105766
fashion_mnist,real,dfa,dfa_float_lr15,off,off,sample_count,14016.0,0.0,5,0.0,0.0
fashion_mnist,real,dfa,dfa_float_lr15,off,off,samples_per_step,64.0,0.0,5,0.0,0.0
fashion_mnist,real,dfa,dfa_float_lr15,off,off,ternary_zero_ratio,0.0,0.0,5,0.0,0.0
fashion_mnist,real,dfa,dfa_float_lr15,off,off,test_throughput_samples_sec,223.5946482418329,10.122547300386728,5,4.526940773824341,12.568802553004927
fashion_mnist,real,dfa,dfa_float_lr15,off,off,train_throughput_samples_sec,121.76694656722398,4.130676214942481,5,1.8472945619305838,5.128911944330682
fashion_mnist,real,backprop,backprop_float_lr06,off,off,accuracy,0.8638698630136986,0.0009795612312889356,5,0.00043807310025709075,0.0012162859149276242
fashion_mnist,real,backprop,backprop_float_lr06,off,off,loss,0.38201944231986995,0.0026364797832344844,5,0.0011790696033232434,0.0032736220288343294
fashion_mnist,real,backprop,backprop_float_lr06,off,off,macro_f1,0.8624196150074471,0.0012207671661314844,5,0.0005459436736339556,0.0015157826403747006
fashion_mnist,real,backprop,backprop_float_lr06,off,off,sample_count,14016.0,0.0,5,0.0,0.0
fashion_mnist,real,backprop,backprop_float_lr06,off,off,samples_per_step,64.0,0.0,5,0.0,0.0
fashion_mnist,real,backprop,backprop_float_lr06,off,off,ternary_zero_ratio,7.476076555023924e-07,1.0237039427055288e-06,5,4.5781432094482247e-07,1.2710963304767064e-06
fashion_mnist,real,backprop,backprop_float_lr06,off,off,test_throughput_samples_sec,218.81493559372447,5.270186692610638,5,2.356899139758435,6.543801080027209
fashion_mnist,real,backprop,backprop_float_lr06,off,off,train_throughput_samples_sec,119.34846133330879,1.1879747793779598,5,0.5312784724488867,1.4750655143276752
fashion_mnist,real,ternary_dfa,ternary_dfa_step,ternary,per_step,accuracy,0.18226312785388127,0.07852194836819955,5,0.03511608285540457,0.09749787635760837
fashion_mnist,real,ternary_dfa,ternary_dfa_step,ternary,per_step,loss,13.342159473968891,1.2448295025434215,5,0.5567046776168676,1.5456599772100705
fashion_mnist,real,ternary_dfa,ternary_dfa_step,ternary,per_step,macro_f1,0.11797623838037227,0.07242617758383431,5,0.032389971285585,0.08992897723335971
fashion_mnist,real,ternary_dfa,ternary_dfa_step,ternary,per_step,sample_count,14016.0,0.0,5,0.0,0.0
fashion_mnist,real,ternary_dfa,ternary_dfa_step,ternary,per_step,samples_per_step,64.0,0.0,5,0.0,0.0
fashion_mnist,real,ternary_dfa,ternary_dfa_step,ternary,per_step,ternary_zero_ratio,0.6074592553827751,0.007047372299894405,5,0.0031516807050625847,0.00875046846671736
fashion_mnist,real,ternary_dfa,ternary_dfa_step,ternary,per_step,test_throughput_samples_sec,115.47265103175042,0.9179196983711815,5,0.41050616868881296,1.1397478427095566
fashion_mnist,real,ternary_dfa,ternary_dfa_step,ternary,per_step,train_throughput_samples_sec,75.79551272678557,0.8391193723118824,5,0.37526559154526473,1.0419043147950067
fashion_mnist,real,dfa,dfa_ternary_epoch_tau010,ternary,per_epoch,accuracy,0.6160102739726028,0.06546967867268066,5,0.029278930395436432,0.08129134298183653
fashion_mnist,real,dfa,dfa_ternary_epoch_tau010,ternary,per_epoch,loss,7.953177513847857,1.3517102581123512,5,0.6045032046046007,1.6783699635008271
fashion_mnist,real,dfa,dfa_ternary_epoch_tau010,ternary,per_epoch,macro_f1,0.5827316402731539,0.05036803407172171,5,0.02252526961547905,0.0625401745671575
fashion_mnist,real,dfa,dfa_ternary_epoch_tau010,ternary,per_epoch,sample_count,14016.0,0.0,5,0.0,0.0
fashion_mnist,real,dfa,dfa_ternary_epoch_tau010,ternary,per_epoch,samples_per_step,64.0,0.0,5,0.0,0.0
fashion_mnist,real,dfa,dfa_ternary_epoch_tau010,ternary,per_epoch,ternary_zero_ratio,0.7332083582535885,0.007411581832493783,5,0.0033145601596517114,0.009202694331148628
fashion_mnist,real,dfa,dfa_ternary_epoch_tau010,ternary,per_epoch,test_throughput_samples_sec,140.4419010841403,38.490661590797004,5,17.21354716319246,47.79246876433716
fashion_mnist,real,dfa,dfa_ternary_epoch_tau010,ternary,per_epoch,train_throughput_samples_sec,99.95289613277895,27.11494855178248,5,12.12617363363902,33.66765542989566
fashion_mnist,real,structured,structured_hadamard_float_clip1,off,off,accuracy,0.7244292237442922,0.011468977134182408,5,0.005129082500884518,0.014240616003736504
fashion_mnist,real,structured,structured_hadamard_float_clip1,off,off,loss,0.8107528305761346,0.02681543351527323,5,0.011992226437255418,0.03329575839214144
fashion_mnist,real,structured,structured_hadamard_float_clip1,off,off,macro_f1,0.6983359283787738,0.016496406005434578,5,0.007377417042517496,0.020482993436700524
fashion_mnist,real,structured,structured_hadamard_float_clip1,off,off,sample_count,14016.0,0.0,5,0.0,0.0
fashion_mnist,real,structured,structured_hadamard_float_clip1,off,off,samples_per_step,64.0,0.0,5,0.0,0.0
fashion_mnist,real,structured,structured_hadamard_float_clip1,off,off,ternary_zero_ratio,0.0,0.0,5,0.0,0.0
fashion_mnist,real,structured,structured_hadamard_float_clip1,off,off,test_throughput_samples_sec,219.5871678021086,3.8579448503804095,5,1.72532538777917,4.790271227772971
fashion_mnist,real,structured,structured_hadamard_float_clip1,off,off,train_throughput_samples_sec,114.55557965497187,2.1725344016562382,5,0.971586921112036,2.697557751395712
fashion_mnist,real,dfa,dfa_ternary_epoch_tau005,ternary,per_epoch,accuracy,0.6049372146118721,0.04573585163115058,5,0.020453694651219465,0.05678856039758868
fashion_mnist,real,dfa,dfa_ternary_epoch_tau005,ternary,per_epoch,loss,8.182406642423892,0.9489595874679135,5,0.4243876290956824,1.1782889555092062
fashion_mnist,real,dfa,dfa_ternary_epoch_tau005,ternary,per_epoch,macro_f1,0.5765155642217792,0.05401844115501215,5,0.024157781292235884,0.06707275362126727
fashion_mnist,real,dfa,dfa_ternary_epoch_tau005,ternary,per_epoch,sample_count,14016.0,0.0,5,0.0,0.0
fashion_mnist,real,dfa,dfa_ternary_epoch_tau005,ternary,per_epoch,samples_per_step,64.0,0.0,5,0.0,0.0
fashion_mnist,real,dfa,dfa_ternary_epoch_tau005,ternary,per_epoch,ternary_zero_ratio,0.4038763456937799,0.016170737872935558,5,0.0072317738260428525,0.020078623041214234
fashion_mnist,real,dfa,dfa_ternary_epoch_tau005,ternary,per_epoch,test_throughput_samples_sec,116.41468508194423,3.0337976036235563,5,1.3567555343356468,3.7669572622562306
fashion_mnist,real,dfa,dfa_ternary_epoch_tau005,ternary,per_epoch,train_throughput_samples_sec,83.10297619680131,1.977422897733028,5,0.884330403919133,2.4552948213388692
fashion_mnist,real,dfa,dfa_ternary_epoch_tau002,ternary,per_epoch,accuracy,0.5820062785388128,0.056242499192930014,5,0.025152410283973713,0.06983428641686559
fashion_mnist,real,dfa,dfa_ternary_epoch_tau002,ternary,per_epoch,loss,8.658231508352596,1.1653234296059436,5,0.5211484808744161,1.4469401488050413
fashion_mnist,real,dfa,dfa_ternary_epoch_tau002,ternary,per_epoch,macro_f1,0.5241703823878607,0.07344849996117005,5,0.032847167751713376,0.09119835812385559
fashion_mnist,real,dfa,dfa_ternary_epoch_tau002,ternary,per_epoch,sample_count,14016.0,0.0,5,0.0,0.0
fashion_mnist,real,dfa,dfa_ternary_epoch_tau002,ternary,per_epoch,samples_per_step,64.0,0.0,5,0.0,0.0
fashion_mnist,real,dfa,dfa_ternary_epoch_tau002,ternary,per_epoch,ternary_zero_ratio,0.12667015550239236,0.0038815033777108566,5,0.0017358610814913035,0.004819523003009887
fashion_mnist,real,dfa,dfa_ternary_epoch_tau002,ternary,per_epoch,test_throughput_samples_sec,115.32534661188497,1.4135533271788117,5,0.6321602658785648,1.7551582758990802
fashion_mnist,real,dfa,dfa_ternary_epoch_tau002,ternary,per_epoch,train_throughput_samples_sec,81.88208930647981,0.386601109630009,5,0.17289327226190973,0.4800286794932096
fashion_mnist,real,backprop,backprop_float_lr15,off,off,accuracy,0.8738156392694065,0.002613970645861633,5,0.001169003211067128,0.0032456732433278367
fashion_mnist,real,backprop,backprop_float_lr15,off,off,loss,0.35802186938453484,0.005866065900539182,5,0.002623384422819826,0.007283682839790258
fashion_mnist,real,backprop,backprop_float_lr15,off,off,macro_f1,0.8728939265007927,0.002478792300636255,5,0.0011085496172651523,0.003077827158724725
fashion_mnist,real,backprop,backprop_float_lr15,off,off,sample_count,14016.0,0.0,5,0.0,0.0
fashion_mnist,real,backprop,backprop_float_lr15,off,off,samples_per_step,64.0,0.0,5,0.0,0.0
fashion_mnist,real,backprop,backprop_float_lr15,off,off,ternary_zero_ratio,0.0,0.0,5,0.0,0.0
fashion_mnist,real,backprop,backprop_float_lr15,off,off,test_throughput_samples_sec,221.56294752457484,2.2953727971829134,5,1.0265219216409665,2.8500817647182997
fashion_mnist,real,backprop,backprop_float_lr15,off,off,train_throughput_samples_sec,119.7115379764698,1.8218263064434959,5,0.814745492881004,2.2620961356914315
fashion_mnist,real,dfa,dfa_float,off,off,accuracy,0.774300799086758,0.03694297368331994,5,0.016521400089377834,0.04587076040916756
fashion_mnist,real,dfa,dfa_float,off,off,loss,4.6761119389642865,0.7664984702303412,5,0.34278853681692834,0.9517335551632761
fashion_mnist,real,dfa,dfa_float,off,off,macro_f1,0.7536227526869375,0.048477094046496076,5,0.021679615527923114,0.06019226241507232
fashion_mnist,real,dfa,dfa_float,off,off,sample_count,14016.0,0.0,5,0.0,0.0
fashion_mnist,real,dfa,dfa_float,off,off,samples_per_step,64.0,0.0,5,0.0,0.0
fashion_mnist,real,dfa,dfa_float,off,off,ternary_zero_ratio,0.0,0.0,5,0.0,0.0
fashion_mnist,real,dfa,dfa_float,off,off,test_throughput_samples_sec,220.96568509400882,3.445244627152436,5,1.540760237085753,4.277836218540139
fashion_mnist,real,dfa,dfa_float,off,off,train_throughput_samples_sec,119.3608038567706,0.9763901228728691,5,0.4366549374606215,1.2123484637729935
fashion_mnist,real,dfa,dfa_float_lr06,off,off,accuracy,0.782748287671233,0.030277338464753435,5,0.01354043739699156,0.03759428113311444
fashion_mnist,real,dfa,dfa_float_lr06,off,off,loss,4.495279108008293,0.6292220703697802,5,0.28139666445799694,0.781282391653393
fashion_mnist,real,dfa,dfa_float_lr06,off,off,macro_f1,0.7694558228740165,0.040261956898116125,5,0.018005694506270844,0.04999182237762258
fashion_mnist,real,dfa,dfa_float_lr06,off,off,sample_count,14016.0,0.0,5,0.0,0.0
fashion_mnist,real,dfa,dfa_float_lr06,off,off,samples_per_step,64.0,0.0,5,0.0,0.0
fashion_mnist,real,dfa,dfa_float_lr06,off,off,ternary_zero_ratio,0.0,0.0,5,0.0,0.0
fashion_mnist,real,dfa,dfa_float_lr06,off,off,test_throughput_samples_sec,222.94686509668628,4.186617834581405,5,1.8723124147873982,5.198372639437542
fashion_mnist,real,dfa,dfa_float_lr06,off,off,train_throughput_samples_sec,120.25205650959337,0.5950360857208283,5,0.26610822734743284,0.7388348852716429
fashion_mnist,real,dfa,dfa_ternary_step,ternary,per_step,accuracy,0.28270547945205476,0.07939505603020582,5,0.03550654847218896,0.09858198270807741
fashion_mnist,real,dfa,dfa_ternary_step,ternary,per_step,loss,14.76910373174631,1.6927626825633615,5,0.7570264855973148,2.1018424804417566
fashion_mnist,real,dfa,dfa_ternary_step,ternary,per_step,macro_f1,0.19820453495139012,0.0766275017982389,5,0.034268860593369914,0.09514561025516763
fashion_mnist,real,dfa,dfa_ternary_step,ternary,per_step,sample_count,14016.0,0.0,5,0.0,0.0
fashion_mnist,real,dfa,dfa_ternary_step,ternary,per_step,samples_per_step,64.0,0.0,5,0.0,0.0
fashion_mnist,real,dfa,dfa_ternary_step,ternary,per_step,ternary_zero_ratio,0.6393686453349282,0.004541701201192001,5,0.0020311105238715525,0.005639266872118909
fashion_mnist,real,dfa,dfa_ternary_step,ternary,per_step,test_throughput_samples_sec,176.73475454314718,24.942246375839837,5,11.154511681585127,30.969889359208693
fashion_mnist,real,dfa,dfa_ternary_step,ternary,per_step,train_throughput_samples_sec,111.32355262727704,14.734408698293667,5,6.589427891529765,18.29518481549167
fashion_mnist,real,structured,structured_hadamard_float,off,off,accuracy,0.09987157534246577,0.003962940688709974,5,0.0017722809541510672,0.0049206407801880145
fashion_mnist,real,structured,structured_hadamard_float,off,off,loss,15.379317447583968,7.310567590596431,5,3.269385217336094,9.07726858367884
fashion_mnist,real,structured,structured_hadamard_float,off,off,macro_f1,0.018330577196357955,0.0007098514479844764,5,0.00031745521832398906,0.000881396987035138
fashion_mnist,real,structured,structured_hadamard_float,off,off,sample_count,14016.0,0.0,5,0.0,0.0
fashion_mnist,real,structured,structured_hadamard_float,off,off,samples_per_step,64.0,0.0,5,0.0,0.0
fashion_mnist,real,structured,structured_hadamard_float,off,off,ternary_zero_ratio,0.0,0.0,5,0.0,0.0
fashion_mnist,real,structured,structured_hadamard_float,off,off,test_throughput_samples_sec,220.80595535945787,5.639013185099535,5,2.5218433615800326,7.0017596573344445
fashion_mnist,real,structured,structured_hadamard_float,off,off,train_throughput_samples_sec,117.63458615605416,4.011124626180066,5,1.793829466072412,4.980469040636329
fashion_mnist,real,dfa,dfa_float_lr10,off,off,accuracy,0.774300799086758,0.03694297368331994,5,0.016521400089377834,0.04587076040916756
fashion_mnist,real,dfa,dfa_float_lr10,off,off,loss,4.6761119389642865,0.7664984702303412,5,0.34278853681692834,0.9517335551632761
fashion_mnist,real,dfa,dfa_float_lr10,off,off,macro_f1,0.7536227526869375,0.048477094046496076,5,0.021679615527923114,0.06019226241507232
fashion_mnist,real,dfa,dfa_float_lr10,off,off,sample_count,14016.0,0.0,5,0.0,0.0
fashion_mnist,real,dfa,dfa_float_lr10,off,off,samples_per_step,64.0,0.0,5,0.0,0.0
fashion_mnist,real,dfa,dfa_float_lr10,off,off,ternary_zero_ratio,0.0,0.0,5,0.0,0.0
fashion_mnist,real,dfa,dfa_float_lr10,off,off,test_throughput_samples_sec,224.07506051632203,3.2343031238507165,5,1.4464243289540246,4.015917748163412
fashion_mnist,real,dfa,dfa_float_lr10,off,off,train_throughput_samples_sec,121.40277699232313,2.4288005403444717,5,1.0861926223996918,3.015754189763585
fashion_mnist,real,structured,structured_orth_float,off,off,accuracy,0.10031392694063926,0.0011766853954388303,5,0.0005262297064664891,0.001461047892728558
fashion_mnist,real,structured,structured_orth_float,off,off,loss,15.36825719903049,7.3038774867494185,5,3.2663933119404036,9.06896172258776
fashion_mnist,real,structured,structured_orth_float,off,off,macro_f1,0.01826275988057189,0.00014035183761306909,5,6.276724993396685e-05,0.0001742698238458891
fashion_mnist,real,structured,structured_orth_float,off,off,sample_count,14016.0,0.0,5,0.0,0.0
fashion_mnist,real,structured,structured_orth_float,off,off,samples_per_step,64.0,0.0,5,0.0,0.0
fashion_mnist,real,structured,structured_orth_float,off,off,ternary_zero_ratio,0.0,0.0,5,0.0,0.0
fashion_mnist,real,structured,structured_orth_float,off,off,test_throughput_samples_sec,223.57875892635874,3.540500687901887,5,1.5833600425066774,4.396112239783443
fashion_mnist,real,structured,structured_orth_float,off,off,train_throughput_samples_sec,118.87980944373628,1.7899112315859063,5,0.800472637503291,2.222468336240784
fashion_mnist,real,backprop,backprop_ternary_step,ternary,per_step,accuracy,0.12505707762557078,0.04527809353381259,5,0.020248979006639724,0.05622017864823785
fashion_mnist,real,backprop,backprop_ternary_step,ternary,per_step,loss,2.7869170799981093,0.5633200876699924,5,0.2519244018242488,0.6994542723248189
fashion_mnist,real,backprop,backprop_ternary_step,ternary,per_step,macro_f1,0.04720756679614688,0.042966993914071584,5,0.019215423836136763,0.05335056945414302
fashion_mnist,real,backprop,backprop_ternary_step,ternary,per_step,sample_count,14016.0,0.0,5,0.0,0.0
fashion_mnist,real,backprop,backprop_ternary_step,ternary,per_step,samples_per_step,64.0,0.0,5,0.0,0.0
fashion_mnist,real,backprop,backprop_ternary_step,ternary,per_step,ternary_zero_ratio,0.47951069078947367,0.018811996355600158,5,0.00841298052872005,0.023358178609089175
fashion_mnist,real,backprop,backprop_ternary_step,ternary,per_step,test_throughput_samples_sec,90.32814987664567,28.12850578602054,5,12.579450208607616,34.926152957768046
fashion_mnist,real,backprop,backprop_ternary_step,ternary,per_step,train_throughput_samples_sec,55.34292418175151,14.624579558965012,5,6.540310807239932,18.158813927233574
fashion_mnist,real,backprop,backprop_float,off,off,accuracy,0.8707049086757991,0.0019450410058663079,5,0.0008698487816283263,0.0024150873920142355
fashion_mnist,real,backprop,backprop_float,off,off,loss,0.3659402046437677,0.002705439451380196,5,0.0012099093044591709,0.0033592467660989384
fashion_mnist,real,backprop,backprop_float,off,off,macro_f1,0.8695764969718057,0.00184483381530435,5,0.0008250347636421637,0.0022906637311323084
fashion_mnist,real,backprop,backprop_float,off,off,sample_count,14016.0,0.0,5,0.0,0.0
fashion_mnist,real,backprop,backprop_float,off,off,samples_per_step,64.0,0.0,5,0.0,0.0
fashion_mnist,real,backprop,backprop_float,off,off,ternary_zero_ratio,3.738038277511962e-07,8.35850769101297e-07,5,3.738038277511962e-07,1.0378458078640097e-06
fashion_mnist,real,backprop,backprop_float,off,off,test_throughput_samples_sec,97.44474024223877,2.857966116254644,5,1.27812130266729,3.5486336346396317
fashion_mnist,real,backprop,backprop_float,off,off,train_throughput_samples_sec,54.62656758295763,0.8030641326301353,5,0.3591411981705779,0.9971358217355736
fashion_mnist,real,dfa,dfa_float_clip1,off,off,accuracy,0.8381849315068493,0.0021350532259482003,5,0.0009548248297600787,0.002651018724908692
fashion_mnist,real,dfa,dfa_float_clip1,off,off,loss,0.46711121183824317,0.003905769717561445,5,0.0017467133185855089,0.0048496536435705395
fashion_mnist,real,dfa,dfa_float_clip1,off,off,macro_f1,0.8341657266087189,0.0023625002704755287,5,0.0010565422403289843,0.002933431531596125
fashion_mnist,real,dfa,dfa_float_clip1,off,off,sample_count,14016.0,0.0,5,0.0,0.0
fashion_mnist,real,dfa,dfa_float_clip1,off,off,samples_per_step,64.0,0.0,5,0.0,0.0
fashion_mnist,real,dfa,dfa_float_clip1,off,off,ternary_zero_ratio,0.0,0.0,5,0.0,0.0
fashion_mnist,real,dfa,dfa_float_clip1,off,off,test_throughput_samples_sec,366.3144864967556,28.612425072464614,5,12.795865492630044,35.527018113782106
fashion_mnist,real,dfa,dfa_float_clip1,off,off,train_throughput_samples_sec,192.73259480888447,13.821948699055289,5,6.1813633745204815,17.162216084636338
fashion_mnist,real,structured,structured_hadamard_ternary,ternary,per_step,accuracy,0.2598744292237443,0.03907510912295245,5,0.017474920045428773,0.04851815622385361
fashion_mnist,real,structured,structured_hadamard_ternary,ternary,per_step,loss,15.273746212104573,0.8439267736349452,5,0.3774155267759629,1.047873491942771
fashion_mnist,real,structured,structured_hadamard_ternary,ternary,per_step,macro_f1,0.18293903904053418,0.07314912068309064,5,0.0327132812683453,0.09082662965245615
fashion_mnist,real,structured,structured_hadamard_ternary,ternary,per_step,sample_count,14016.0,0.0,5,0.0,0.0
fashion_mnist,real,structured,structured_hadamard_ternary,ternary,per_step,samples_per_step,64.0,0.0,5,0.0,0.0
fashion_mnist,real,structured,structured_hadamard_ternary,ternary,per_step,ternary_zero_ratio,0.6763344796650717,0.0008509395986209857,5,0.000380551757452582,0.0010565810642536413
fashion_mnist,real,structured,structured_hadamard_ternary,ternary,per_step,test_throughput_samples_sec,115.12124451950561,0.7346498003872743,5,0.3285453786645193,0.9121882084284619
fashion_mnist,real,structured,structured_hadamard_ternary,ternary,per_step,train_throughput_samples_sec,74.29311023884608,0.39218484414810206,5,0.17539039425206335,0.4869618016198534
fashion_mnist,real,backprop,backprop_float_lr10,off,off,accuracy,0.8707049086757991,0.0019450410058663079,5,0.0008698487816283263,0.0024150873920142355
fashion_mnist,real,backprop,backprop_float_lr10,off,off,loss,0.3659402046437677,0.002705439451380196,5,0.0012099093044591709,0.0033592467660989384
fashion_mnist,real,backprop,backprop_float_lr10,off,off,macro_f1,0.8695764969718057,0.00184483381530435,5,0.0008250347636421637,0.0022906637311323084
fashion_mnist,real,backprop,backprop_float_lr10,off,off,sample_count,14016.0,0.0,5,0.0,0.0
fashion_mnist,real,backprop,backprop_float_lr10,off,off,samples_per_step,64.0,0.0,5,0.0,0.0
fashion_mnist,real,backprop,backprop_float_lr10,off,off,ternary_zero_ratio,3.738038277511962e-07,8.35850769101297e-07,5,3.738038277511962e-07,1.0378458078640097e-06
fashion_mnist,real,backprop,backprop_float_lr10,off,off,test_throughput_samples_sec,224.90680116902257,4.757202990186854,5,2.1274858537646137,5.9068476850623215
fashion_mnist,real,backprop,backprop_float_lr10,off,off,train_throughput_samples_sec,120.94640621540245,1.7734066624804041,5,0.7930915698114418,2.201975206976616
fashion_mnist,real,dfa,dfa_ternary_epoch,ternary,per_epoch,accuracy,0.6049372146118721,0.04573585163115058,5,0.020453694651219465,0.05678856039758868
fashion_mnist,real,dfa,dfa_ternary_epoch,ternary,per_epoch,loss,8.182406642423892,0.9489595874679135,5,0.4243876290956824,1.1782889555092062
fashion_mnist,real,dfa,dfa_ternary_epoch,ternary,per_epoch,macro_f1,0.5765155642217792,0.05401844115501215,5,0.024157781292235884,0.06707275362126727
fashion_mnist,real,dfa,dfa_ternary_epoch,ternary,per_epoch,sample_count,14016.0,0.0,5,0.0,0.0
fashion_mnist,real,dfa,dfa_ternary_epoch,ternary,per_epoch,samples_per_step,64.0,0.0,5,0.0,0.0
fashion_mnist,real,dfa,dfa_ternary_epoch,ternary,per_epoch,ternary_zero_ratio,0.4038763456937799,0.016170737872935558,5,0.0072317738260428525,0.020078623041214234
fashion_mnist,real,dfa,dfa_ternary_epoch,ternary,per_epoch,test_throughput_samples_sec,140.55704211960028,27.20310326794908,5,12.165597621216163,33.7771139672316
fashion_mnist,real,dfa,dfa_ternary_epoch,ternary,per_epoch,train_throughput_samples_sec,101.30752403419991,21.691874454069353,5,9.700901167738042,26.934019563173898
fashion_mnist,real,structured,structured_orth_ternary,ternary,per_step,accuracy,0.3704623287671233,0.04209056457030533,5,0.018823472718109385,0.05226233869101911
fashion_mnist,real,structured,structured_orth_ternary,ternary,per_step,loss,12.880552668689095,0.8945480592245053,5,0.4000540539133003,1.1107281198021188
fashion_mnist,real,structured,structured_orth_ternary,ternary,per_step,macro_f1,0.29908270654145275,0.051458509649999824,5,0.023012945119645703,0.06389417883362589
fashion_mnist,real,structured,structured_orth_ternary,ternary,per_step,sample_count,14016.0,0.0,5,0.0,0.0
fashion_mnist,real,structured,structured_orth_ternary,ternary,per_step,samples_per_step,64.0,0.0,5,0.0,0.0
fashion_mnist,real,structured,structured_orth_ternary,ternary,per_step,ternary_zero_ratio,0.6704227721291864,0.0011010180603284105,5,0.0004923902454698581,0.00136709448688193
fashion_mnist,real,structured,structured_orth_ternary,ternary,per_step,test_throughput_samples_sec,152.87280276971939,33.02310567256073,5,14.76838182240094,41.00360142249723
fashion_mnist,real,structured,structured_orth_ternary,ternary,per_step,train_throughput_samples_sec,98.78069671979947,20.769258389879333,5,9.288294720405604,25.788440412104695
fashion_mnist,offline,dfa,dfa_float_lr15,off,off,accuracy,1.0,0.0,5,0.0,0.0
fashion_mnist,offline,dfa,dfa_float_lr15,off,off,loss,0.010709361732006073,0.0003461343225280529,5,0.0001547959749037126,0.00042978252682573416
fashion_mnist,offline,dfa,dfa_float_lr15,off,off,macro_f1,0.9999999993942372,0.0,5,0.0,0.0
fashion_mnist,offline,dfa,dfa_float_lr15,off,off,sample_count,128.0,0.0,5,0.0,0.0
fashion_mnist,offline,dfa,dfa_float_lr15,off,off,samples_per_step,64.0,0.0,5,0.0,0.0
fashion_mnist,offline,dfa,dfa_float_lr15,off,off,ternary_zero_ratio,0.0,0.0,5,0.0,0.0
fashion_mnist,offline,dfa,dfa_float_lr15,off,off,test_throughput_samples_sec,181.8000431711325,15.264487640352511,5,6.826486401106715,18.953364754052075
fashion_mnist,offline,dfa,dfa_float_lr15,off,off,train_throughput_samples_sec,74.88796704817132,5.302394088421131,5,2.371302725040536,6.583791843880998
fashion_mnist,offline,backprop,backprop_float_lr06,off,off,accuracy,1.0,0.0,5,0.0,0.0
fashion_mnist,offline,backprop,backprop_float_lr06,off,off,loss,1.0083122074604034,0.042516083539104604,5,0.019013770586099547,0.05279069027512997
fashion_mnist,offline,backprop,backprop_float_lr06,off,off,macro_f1,0.9999999993942372,0.0,5,0.0,0.0
fashion_mnist,offline,backprop,backprop_float_lr06,off,off,sample_count,128.0,0.0,5,0.0,0.0
fashion_mnist,offline,backprop,backprop_float_lr06,off,off,samples_per_step,64.0,0.0,5,0.0,0.0
fashion_mnist,offline,backprop,backprop_float_lr06,off,off,ternary_zero_ratio,0.0,0.0,5,0.0,0.0
fashion_mnist,offline,backprop,backprop_float_lr06,off,off,test_throughput_samples_sec,176.3951028922823,13.393754306760714,5,5.989869020769505,16.630542523491425
fashion_mnist,offline,backprop,backprop_float_lr06,off,off,train_throughput_samples_sec,76.8735928954834,2.8981227775286706,5,1.2960799075389215,3.5984947152316544
fashion_mnist,offline,ternary_dfa,ternary_dfa_step,ternary,per_step,accuracy,0.8890625,0.1771560818706205,5,0.07922660833804511,0.21996832892158846
fashion_mnist,offline,ternary_dfa,ternary_dfa_step,ternary,per_step,loss,2.29898730289718,3.671252579413868,5,1.6418340660281707,4.558462156170914
fashion_mnist,offline,ternary_dfa,ternary_dfa_step,ternary,per_step,macro_f1,0.861914893089651,0.20932572004817113,5,0.09361330789336024,0.2599122104818945
fashion_mnist,offline,ternary_dfa,ternary_dfa_step,ternary,per_step,sample_count,128.0,0.0,5,0.0,0.0
fashion_mnist,offline,ternary_dfa,ternary_dfa_step,ternary,per_step,samples_per_step,64.0,0.0,5,0.0,0.0
fashion_mnist,offline,ternary_dfa,ternary_dfa_step,ternary,per_step,ternary_zero_ratio,0.6005696770334928,0.0031607455073609137,5,0.001413528362807213,0.003924583903974345
fashion_mnist,offline,ternary_dfa,ternary_dfa_step,ternary,per_step,test_throughput_samples_sec,90.76103076576418,9.41912532549609,5,4.2123609032798175,11.695388811237827
fashion_mnist,offline,ternary_dfa,ternary_dfa_step,ternary,per_step,train_throughput_samples_sec,60.15405897443702,5.038024769891481,5,2.2530731715610175,6.255533978833068
fashion_mnist,offline,dfa,dfa_ternary_epoch_tau010,ternary,per_epoch,accuracy,0.934375,0.06503642308833567,5,0.02908517260779107,0.08075338512073461
fashion_mnist,offline,dfa,dfa_ternary_epoch_tau010,ternary,per_epoch,loss,0.5958713242246706,0.6181352904700789,5,0.27643850575653484,0.7675163361959246
fashion_mnist,offline,dfa,dfa_ternary_epoch_tau010,ternary,per_epoch,macro_f1,0.9081343391771497,0.07856509439509823,5,0.035135378345225475,0.097551449225874
fashion_mnist,offline,dfa,dfa_ternary_epoch_tau010,ternary,per_epoch,sample_count,128.0,0.0,5,0.0,0.0
fashion_mnist,offline,dfa,dfa_ternary_epoch_tau010,ternary,per_epoch,samples_per_step,64.0,0.0,5,0.0,0.0
fashion_mnist,offline,dfa,dfa_ternary_epoch_tau010,ternary,per_epoch,ternary_zero_ratio,0.9532969497607656,0.0004845754273507643,5,0.00021670871915646395,0.0006016798625556488
fashion_mnist,offline,dfa,dfa_ternary_epoch_tau010,ternary,per_epoch,test_throughput_samples_sec,78.65303837630451,2.742366038563604,5,1.2264233762830055,3.4050971799811087
fashion_mnist,offline,dfa,dfa_ternary_epoch_tau010,ternary,per_epoch,train_throughput_samples_sec,53.293262691366046,1.578524898171084,5,0.7059377952972954,1.9599975363273014
fashion_mnist,offline,structured,structured_hadamard_float_clip1,off,off,accuracy,0.7953125,0.09100808042764665,5,0.040700050867597204,0.11300145701264168
fashion_mnist,offline,structured,structured_hadamard_float_clip1,off,off,loss,2.000215804576874,0.029261807555533967,5,0.013086278167738179,0.036333332964073484
fashion_mnist,offline,structured,structured_hadamard_float_clip1,off,off,macro_f1,0.7727635851753333,0.08276110505667278,5,0.037011891359944385,0.10276148460043029
fashion_mnist,offline,structured,structured_hadamard_float_clip1,off,off,sample_count,128.0,0.0,5,0.0,0.0
fashion_mnist,offline,structured,structured_hadamard_float_clip1,off,off,samples_per_step,64.0,0.0,5,0.0,0.0
fashion_mnist,offline,structured,structured_hadamard_float_clip1,off,off,ternary_zero_ratio,7.476076555023924e-07,1.0237039427055288e-06,5,4.5781432094482247e-07,1.2710963304767064e-06
fashion_mnist,offline,structured,structured_hadamard_float_clip1,off,off,test_throughput_samples_sec,166.83950255753695,13.59892485358832,5,6.081624078706971,16.885295404979043
fashion_mnist,offline,structured,structured_hadamard_float_clip1,off,off,train_throughput_samples_sec,75.42833014775138,2.9031517614614244,5,1.2983289375251998,3.6047390235285
fashion_mnist,offline,dfa,dfa_ternary_epoch_tau005,ternary,per_epoch,accuracy,1.0,0.0,5,0.0,0.0
fashion_mnist,offline,dfa,dfa_ternary_epoch_tau005,ternary,per_epoch,loss,-1.000000082240371e-09,0.0,5,0.0,0.0
fashion_mnist,offline,dfa,dfa_ternary_epoch_tau005,ternary,per_epoch,macro_f1,0.9999999993942372,0.0,5,0.0,0.0
fashion_mnist,offline,dfa,dfa_ternary_epoch_tau005,ternary,per_epoch,sample_count,128.0,0.0,5,0.0,0.0
fashion_mnist,offline,dfa,dfa_ternary_epoch_tau005,ternary,per_epoch,samples_per_step,64.0,0.0,5,0.0,0.0
fashion_mnist,offline,dfa,dfa_ternary_epoch_tau005,ternary,per_epoch,ternary_zero_ratio,0.6505479964114833,0.012152279969657625,5,0.005434664818752706,0.015089048534416633
fashion_mnist,offline,dfa,dfa_ternary_epoch_tau005,ternary,per_epoch,test_throughput_samples_sec,75.28291213049279,7.470760035689398,5,3.3410254566780497,9.276173775535012
fashion_mnist,offline,dfa,dfa_ternary_epoch_tau005,ternary,per_epoch,train_throughput_samples_sec,52.38406367371389,0.65959549346975,5,0.2949800722101759,0.8189959776188361
fashion_mnist,offline,dfa,dfa_ternary_epoch_tau002,ternary,per_epoch,accuracy,0.975,0.05590169943749474,5,0.024999999999999998,0.06941112762994496
fashion_mnist,offline,dfa,dfa_ternary_epoch_tau002,ternary,per_epoch,loss,0.5180816449486603,1.1584657782361831,5,0.5180816459486604,1.438425249986977
fashion_mnist,offline,dfa,dfa_ternary_epoch_tau002,ternary,per_epoch,macro_f1,0.9722800536812681,0.06198368294680297,5,0.027719945712969183,0.076962907591122
fashion_mnist,offline,dfa,dfa_ternary_epoch_tau002,ternary,per_epoch,sample_count,128.0,0.0,5,0.0,0.0
fashion_mnist,offline,dfa,dfa_ternary_epoch_tau002,ternary,per_epoch,samples_per_step,64.0,0.0,5,0.0,0.0
fashion_mnist,offline,dfa,dfa_ternary_epoch_tau002,ternary,per_epoch,ternary_zero_ratio,0.2595454545454546,0.0041945691614403485,5,0.0018758683562609816,0.005208245515736243
fashion_mnist,offline,dfa,dfa_ternary_epoch_tau002,ternary,per_epoch,test_throughput_samples_sec,74.6788139531963,7.170197207439004,5,3.2066096735825544,8.902975732498195
fashion_mnist,offline,dfa,dfa_ternary_epoch_tau002,ternary,per_epoch,train_throughput_samples_sec,47.65214330234839,4.299481319931308,5,1.9227864998713853,5.338511165908316
fashion_mnist,offline,backprop,backprop_float_lr15,off,off,accuracy,1.0,0.0,5,0.0,0.0
fashion_mnist,offline,backprop,backprop_float_lr15,off,off,loss,0.14106084704399108,0.005562329978082222,5,0.002487549588855353,0.006906544879914241
fashion_mnist,offline,backprop,backprop_float_lr15,off,off,macro_f1,0.9999999993942372,0.0,5,0.0,0.0
fashion_mnist,offline,backprop,backprop_float_lr15,off,off,sample_count,128.0,0.0,5,0.0,0.0
fashion_mnist,offline,backprop,backprop_float_lr15,off,off,samples_per_step,64.0,0.0,5,0.0,0.0
fashion_mnist,offline,backprop,backprop_float_lr15,off,off,ternary_zero_ratio,7.476076555023924e-07,1.0237039427055288e-06,5,4.5781432094482247e-07,1.2710963304767064e-06
fashion_mnist,offline,backprop,backprop_float_lr15,off,off,test_throughput_samples_sec,169.46606656286613,14.49567602602051,5,6.482663394799173,17.99875905113511
fashion_mnist,offline,backprop,backprop_float_lr15,off,off,train_throughput_samples_sec,71.07565134134575,7.760006321603411,5,3.470380328186664,9.635320475368594
fashion_mnist,offline,dfa,dfa_float,off,off,accuracy,1.0,0.0,5,0.0,0.0
fashion_mnist,offline,dfa,dfa_float,off,off,loss,0.022615431062877177,0.0005531776442752738,5,0.00024738856324654193,0.0006868607655077774
fashion_mnist,offline,dfa,dfa_float,off,off,macro_f1,0.9999999993942372,0.0,5,0.0,0.0
fashion_mnist,offline,dfa,dfa_float,off,off,sample_count,128.0,0.0,5,0.0,0.0
fashion_mnist,offline,dfa,dfa_float,off,off,samples_per_step,64.0,0.0,5,0.0,0.0
fashion_mnist,offline,dfa,dfa_float,off,off,ternary_zero_ratio,0.0,0.0,5,0.0,0.0
fashion_mnist,offline,dfa,dfa_float,off,off,test_throughput_samples_sec,189.73771881283272,27.81864400841504,5,12.440875808936651,34.54140874409587
fashion_mnist,offline,dfa,dfa_float,off,off,train_throughput_samples_sec,92.27441785205205,14.734285073773089,5,6.589372604963426,18.295031315375173
fashion_mnist,offline,dfa,dfa_float_lr06,off,off,accuracy,1.0,0.0,5,0.0,0.0
fashion_mnist,offline,dfa,dfa_float_lr06,off,off,loss,0.08106914982199669,0.002140807454017173,5,0.0009573981987841308,0.002658163542739389
fashion_mnist,offline,dfa,dfa_float_lr06,off,off,macro_f1,0.9999999993942372,0.0,5,0.0,0.0
fashion_mnist,offline,dfa,dfa_float_lr06,off,off,sample_count,128.0,0.0,5,0.0,0.0
fashion_mnist,offline,dfa,dfa_float_lr06,off,off,samples_per_step,64.0,0.0,5,0.0,0.0
fashion_mnist,offline,dfa,dfa_float_lr06,off,off,ternary_zero_ratio,3.738038277511962e-07,8.35850769101297e-07,5,3.738038277511962e-07,1.0378458078640097e-06
fashion_mnist,offline,dfa,dfa_float_lr06,off,off,test_throughput_samples_sec,170.09105377768452,10.950726260477659,5,4.897313664284022,13.59712255181967
fashion_mnist,offline,dfa,dfa_float_lr06,off,off,train_throughput_samples_sec,73.3401056035887,7.265060156639916,5,3.2490336741744246,9.0207636412844
fashion_mnist,offline,dfa,dfa_ternary_step,ternary,per_step,accuracy,0.825,0.10945867335152111,5,0.04895140686818918,0.13591089399172976
fashion_mnist,offline,dfa,dfa_ternary_step,ternary,per_step,loss,3.5800822330662014,2.288879866017323,5,1.023618194549069,2.842019725847171
fashion_mnist,offline,dfa,dfa_ternary_step,ternary,per_step,macro_f1,0.7840160398455613,0.12077107287708332,5,0.054010465733747876,0.14995709321591771
fashion_mnist,offline,dfa,dfa_ternary_step,ternary,per_step,sample_count,128.0,0.0,5,0.0,0.0
fashion_mnist,offline,dfa,dfa_ternary_step,ternary,per_step,samples_per_step,64.0,0.0,5,0.0,0.0
fashion_mnist,offline,dfa,dfa_ternary_step,ternary,per_step,ternary_zero_ratio,0.6787705592105263,0.00111083875386089,5,0.0004967821931348214,0.0013792884884786022
fashion_mnist,offline,dfa,dfa_ternary_step,ternary,per_step,test_throughput_samples_sec,89.7687905384776,4.651155735975655,5,2.0800600799159255,5.775172627399913
fashion_mnist,offline,dfa,dfa_ternary_step,ternary,per_step,train_throughput_samples_sec,62.81282923845574,3.1368020506789196,5,1.402820523455761,3.894854175819761
fashion_mnist,offline,structured,structured_hadamard_float,off,off,accuracy,0.903125,0.07299567891748798,5,0.032644660024650274,0.09063610653628651
fashion_mnist,offline,structured,structured_hadamard_float,off,off,loss,1.825172984600067,0.034357677028022414,5,0.015365220276728212,0.04266069062760801
fashion_mnist,offline,structured,structured_hadamard_float,off,off,macro_f1,0.8788720668788,0.0958508491478323,5,0.04286580287912616,0.11901454858412354
fashion_mnist,offline,structured,structured_hadamard_float,off,off,sample_count,128.0,0.0,5,0.0,0.0
fashion_mnist,offline,structured,structured_hadamard_float,off,off,samples_per_step,64.0,0.0,5,0.0,0.0
fashion_mnist,offline,structured,structured_hadamard_float,off,off,ternary_zero_ratio,3.738038277511962e-07,8.35850769101297e-07,5,3.738038277511962e-07,1.0378458078640097e-06
fashion_mnist,offline,structured,structured_hadamard_float,off,off,test_throughput_samples_sec,149.83828253583954,13.341839335761453,5,5.966651939928649,16.56608157303385
fashion_mnist,offline,structured,structured_hadamard_float,off,off,train_throughput_samples_sec,74.83773932729032,4.600360510354283,5,2.05734376443156,5.712102024465218
fashion_mnist,offline,dfa,dfa_float_lr10,off,off,accuracy,1.0,0.0,5,0.0,0.0
fashion_mnist,offline,dfa,dfa_float_lr10,off,off,loss,0.022615431062877177,0.0005531776442752738,5,0.00024738856324654193,0.0006868607655077774
fashion_mnist,offline,dfa,dfa_float_lr10,off,off,macro_f1,0.9999999993942372,0.0,5,0.0,0.0
fashion_mnist,offline,dfa,dfa_float_lr10,off,off,sample_count,128.0,0.0,5,0.0,0.0
fashion_mnist,offline,dfa,dfa_float_lr10,off,off,samples_per_step,64.0,0.0,5,0.0,0.0
fashion_mnist,offline,dfa,dfa_float_lr10,off,off,ternary_zero_ratio,0.0,0.0,5,0.0,0.0
fashion_mnist,offline,dfa,dfa_float_lr10,off,off,test_throughput_samples_sec,173.2017714044061,12.604884874614639,5,5.637075885639449,15.651031750312194
fashion_mnist,offline,dfa,dfa_float_lr10,off,off,train_throughput_samples_sec,70.51775512432799,6.9987915525547155,5,3.129954734372727,8.690147501739835
fashion_mnist,offline,structured,structured_orth_float,off,off,accuracy,0.8890625,0.07419818794114853,5,0.03318243840874265,0.09212921869848097
fashion_mnist,offline,structured,structured_orth_float,off,off,loss,1.8298171997070312,0.026596196115413927,5,0.011894180491396277,0.03302353920567634
fashion_mnist,offline,structured,structured_orth_float,off,off,macro_f1,0.8533118826435577,0.11067742308460811,5,0.04949644831833763,0.13742417165812434
fashion_mnist,offline,structured,structured_orth_float,off,off,sample_count,128.0,0.0,5,0.0,0.0
fashion_mnist,offline,structured,structured_orth_float,off,off,samples_per_step,64.0,0.0,5,0.0,0.0
fashion_mnist,offline,structured,structured_orth_float,off,off,ternary_zero_ratio,0.0,0.0,5,0.0,0.0
fashion_mnist,offline,structured,structured_orth_float,off,off,test_throughput_samples_sec,178.85146853728517,12.455839986039585,5,5.570420985128909,15.465968078052258
fashion_mnist,offline,structured,structured_orth_float,off,off,train_throughput_samples_sec,81.9732823492022,15.88158626066587,5,7.102461293875115,19.71959389423639
fashion_mnist,offline,backprop,backprop_ternary_step,ternary,per_step,accuracy,0.9984375,0.0034938562148434213,5,0.0015624999999999999,0.00433819547687156
fashion_mnist,offline,backprop,backprop_ternary_step,ternary,per_step,loss,0.03238010187179118,0.07240411113976143,5,0.032380102871791265,0.08990157812418605
fashion_mnist,offline,backprop,backprop_ternary_step,ternary,per_step,macro_f1,0.9985548381040731,0.003231478883258422,5,0.0014451612901641877,0.004012410990297695
fashion_mnist,offline,backprop,backprop_ternary_step,ternary,per_step,sample_count,128.0,0.0,5,0.0,0.0
fashion_mnist,offline,backprop,backprop_ternary_step,ternary,per_step,samples_per_step,64.0,0.0,5,0.0,0.0
fashion_mnist,offline,backprop,backprop_ternary_step,ternary,per_step,ternary_zero_ratio,0.6140168959330145,0.014224292032317247,5,0.0063612967832139995,0.01766179131646501
fashion_mnist,offline,backprop,backprop_ternary_step,ternary,per_step,test_throughput_samples_sec,95.56242974140928,3.275956452862778,5,1.4650522639860513,4.067637187203025
fashion_mnist,offline,backprop,backprop_ternary_step,ternary,per_step,train_throughput_samples_sec,60.88384992658805,1.2550100269091284,5,0.5612575465225302,1.558300767797805
fashion_mnist,offline,backprop,backprop_float,off,off,accuracy,1.0,0.0,5,0.0,0.0
fashion_mnist,offline,backprop,backprop_float,off,off,loss,0.39749488830566404,0.017161124449223075,5,0.007674688167759286,0.021308350397294732
fashion_mnist,offline,backprop,backprop_float,off,off,macro_f1,0.9999999993942372,0.0,5,0.0,0.0
fashion_mnist,offline,backprop,backprop_float,off,off,sample_count,128.0,0.0,5,0.0,0.0
fashion_mnist,offline,backprop,backprop_float,off,off,samples_per_step,64.0,0.0,5,0.0,0.0
fashion_mnist,offline,backprop,backprop_float,off,off,ternary_zero_ratio,3.738038277511962e-07,8.35850769101297e-07,5,3.738038277511962e-07,1.0378458078640097e-06
fashion_mnist,offline,backprop,backprop_float,off,off,test_throughput_samples_sec,162.45726438057758,15.670642005746105,5,7.008124155182387,19.4576720072746
fashion_mnist,offline,backprop,backprop_float,off,off,train_throughput_samples_sec,90.63405601307535,6.08603284615721,5,2.721756631460808,7.5568078769590095
fashion_mnist,offline,dfa,dfa_float_clip1,off,off,accuracy,0.190625,0.11726559897568,5,0.052442770146370034,0.14560447247590233
fashion_mnist,offline,dfa,dfa_float_clip1,off,off,loss,2.2292590618133543,0.05110288221170573,5,0.022853903694307762,0.06345260904672267
fashion_mnist,offline,dfa,dfa_float_clip1,off,off,macro_f1,0.15815466232942565,0.0946815677872147,5,0.04234288435769328,0.11756269401487394
fashion_mnist,offline,dfa,dfa_float_clip1,off,off,sample_count,128.0,0.0,5,0.0,0.0
fashion_mnist,offline,dfa,dfa_float_clip1,off,off,samples_per_step,64.0,0.0,5,0.0,0.0
fashion_mnist,offline,dfa,dfa_float_clip1,off,off,ternary_zero_ratio,0.0,0.0,5,0.0,0.0
fashion_mnist,offline,dfa,dfa_float_clip1,off,off,test_throughput_samples_sec,162.3892511885791,19.642345851928862,5,8.78432411249479,24.389193684607157
fashion_mnist,offline,dfa,dfa_float_clip1,off,off,train_throughput_samples_sec,76.47866254654849,3.4267468466481423,5,1.5324877781576587,4.2548681904412815
fashion_mnist,offline,structured,structured_hadamard_ternary,ternary,per_step,accuracy,0.8296875,0.12419172268865185,5,0.055540226834925696,0.15420439093740487
fashion_mnist,offline,structured,structured_hadamard_ternary,ternary,per_step,loss,3.5293816268979343,2.5736923979506217,5,1.1509902309984061,3.1956611929860084
fashion_mnist,offline,structured,structured_hadamard_ternary,ternary,per_step,macro_f1,0.7775342248385743,0.10319995375060713,5,0.046152422372238384,0.12813966718842265
fashion_mnist,offline,structured,structured_hadamard_ternary,ternary,per_step,sample_count,128.0,0.0,5,0.0,0.0
fashion_mnist,offline,structured,structured_hadamard_ternary,ternary,per_step,samples_per_step,64.0,0.0,5,0.0,0.0
fashion_mnist,offline,structured,structured_hadamard_ternary,ternary,per_step,ternary_zero_ratio,0.6807326555023924,0.0005596275269145972,5,0.00025027303845222645,0.0006948693525736646
fashion_mnist,offline,structured,structured_hadamard_ternary,ternary,per_step,test_throughput_samples_sec,75.25356255517531,6.2614878878523825,5,2.8002225115059014,7.774664085535247
fashion_mnist,offline,structured,structured_hadamard_ternary,ternary,per_step,train_throughput_samples_sec,48.525015368948104,1.2257867265516222,5,0.5481884892972747,1.5220152478351943
fashion_mnist,offline,backprop,backprop_float_lr10,off,off,accuracy,1.0,0.0,5,0.0,0.0
fashion_mnist,offline,backprop,backprop_float_lr10,off,off,loss,0.39749488830566404,0.017161124449223075,5,0.007674688167759286,0.021308350397294732
fashion_mnist,offline,backprop,backprop_float_lr10,off,off,macro_f1,0.9999999993942372,0.0,5,0.0,0.0
fashion_mnist,offline,backprop,backprop_float_lr10,off,off,sample_count,128.0,0.0,5,0.0,0.0
fashion_mnist,offline,backprop,backprop_float_lr10,off,off,samples_per_step,64.0,0.0,5,0.0,0.0
fashion_mnist,offline,backprop,backprop_float_lr10,off,off,ternary_zero_ratio,3.738038277511962e-07,8.35850769101297e-07,5,3.738038277511962e-07,1.0378458078640097e-06
fashion_mnist,offline,backprop,backprop_float_lr10,off,off,test_throughput_samples_sec,163.0843459408612,16.059096119425178,5,7.181846116047555,19.940001495184056
fashion_mnist,offline,backprop,backprop_float_lr10,off,off,train_throughput_samples_sec,75.32931800852892,5.741126794759631,5,2.5675099561056034,7.128550450176018
fashion_mnist,offline,dfa,dfa_ternary_epoch,ternary,per_epoch,accuracy,1.0,0.0,5,0.0,0.0
fashion_mnist,offline,dfa,dfa_ternary_epoch,ternary,per_epoch,loss,-1.000000082240371e-09,0.0,5,0.0,0.0
fashion_mnist,offline,dfa,dfa_ternary_epoch,ternary,per_epoch,macro_f1,0.9999999993942372,0.0,5,0.0,0.0
fashion_mnist,offline,dfa,dfa_ternary_epoch,ternary,per_epoch,sample_count,128.0,0.0,5,0.0,0.0
fashion_mnist,offline,dfa,dfa_ternary_epoch,ternary,per_epoch,samples_per_step,64.0,0.0,5,0.0,0.0
fashion_mnist,offline,dfa,dfa_ternary_epoch,ternary,per_epoch,ternary_zero_ratio,0.6505479964114833,0.012152279969657625,5,0.005434664818752706,0.015089048534416633
fashion_mnist,offline,dfa,dfa_ternary_epoch,ternary,per_epoch,test_throughput_samples_sec,96.6668174345631,6.384454787305368,5,2.855214980737753,7.927347657556761
fashion_mnist,offline,dfa,dfa_ternary_epoch,ternary,per_epoch,train_throughput_samples_sec,68.37582686522637,3.3993573694777575,5,1.5202388315934268,4.2208596627091906
fashion_mnist,offline,structured,structured_orth_ternary,ternary,per_step,accuracy,0.846875,0.08279038619836847,5,0.037024986284602455,0.10279784193990012
fashion_mnist,offline,structured,structured_orth_ternary,ternary,per_step,loss,3.15976980994406,1.7239323209791662,5,0.7709659716636804,2.1405446982996903
fashion_mnist,offline,structured,structured_orth_ternary,ternary,per_step,macro_f1,0.7809882485741415,0.08207822951088416,5,0.036706500131833256,0.1019135826199708
fashion_mnist,offline,structured,structured_orth_ternary,ternary,per_step,sample_count,128.0,0.0,5,0.0,0.0
fashion_mnist,offline,structured,structured_orth_ternary,ternary,per_step,samples_per_step,64.0,0.0,5,0.0,0.0
fashion_mnist,offline,structured,structured_orth_ternary,ternary,per_step,ternary_zero_ratio,0.6807266746411484,0.0005807283380316184,5,0.000259709608059835,0.0007210694700705677
fashion_mnist,offline,structured,structured_orth_ternary,ternary,per_step,test_throughput_samples_sec,87.88421523597928,16.74828991106661,5,7.490062949603769,20.795748614050773
fashion_mnist,offline,structured,structured_orth_ternary,ternary,per_step,train_throughput_samples_sec,60.29280831290919,7.486784509247487,5,3.3481918191139566,9.296070787442257
20newsgroups,real,dfa,dfa_float_lr15,off,off,accuracy,0.3206214689265537,0.004558881120648074,3,0.0026320712422096683,0.01132488851561439
20newsgroups,real,dfa,dfa_float_lr15,off,off,loss,2.2205508710284487,0.01041698715929944,3,0.006014250340566407,0.025877230646207866
20newsgroups,real,dfa,dfa_float_lr15,off,off,macro_f1,0.27438177816863424,0.004452078001807775,3,0.0025704084327969304,0.011059574860360674
20newsgroups,real,dfa,dfa_float_lr15,off,off,sample_count,3776.0,0.0,3,0.0,0.0
20newsgroups,real,dfa,dfa_float_lr15,off,off,samples_per_step,64.0,0.0,3,0.0,0.0
20newsgroups,real,dfa,dfa_float_lr15,off,off,ternary_zero_ratio,2.813490348602708e-07,4.873108230384563e-07,3,2.8134903486027086e-07,1.210547192899447e-06
20newsgroups,real,dfa,dfa_float_lr15,off,off,test_throughput_samples_sec,2433.573352207306,653.8872750942865,3,377.52199429535716,1624.3460393564671
20newsgroups,real,dfa,dfa_float_lr15,off,off,train_throughput_samples_sec,761.1860789331217,183.78961469289996,3,106.1109835172034,456.55871290386546
20newsgroups,real,backprop,backprop_float_lr06,off,off,accuracy,0.08615819209039548,0.0165054078495996,3,0.009529401665050891,0.04100170608855226
20newsgroups,real,backprop,backprop_float_lr06,off,off,loss,2.9690127426621604,0.0003651628081714968,3,0.00021082684559585335,0.0009071147027415812
20newsgroups,real,backprop,backprop_float_lr06,off,off,macro_f1,0.04391720335874094,0.015870135023036157,3,0.009162626727625633,0.03942360090277644
20newsgroups,real,backprop,backprop_float_lr06,off,off,sample_count,3776.0,0.0,3,0.0,0.0
20newsgroups,real,backprop,backprop_float_lr06,off,off,samples_per_step,64.0,0.0,3,0.0,0.0
20newsgroups,real,backprop,backprop_float_lr06,off,off,ternary_zero_ratio,2.813490348602708e-07,4.873108230384563e-07,3,2.8134903486027086e-07,1.210547192899447e-06
20newsgroups,real,backprop,backprop_float_lr06,off,off,test_throughput_samples_sec,8381.73052276636,415.6071114710687,3,239.95087768494434,1032.4252989157321
20newsgroups,real,backprop,backprop_float_lr06,off,off,train_throughput_samples_sec,2063.9420933150577,85.71218537783777,3,49.48595330072575,212.9208720616295
20newsgroups,real,ternary_dfa,ternary_dfa_step,ternary,per_step,accuracy,0.0591454802259887,0.008300370055025779,3,0.004792220885642642,0.020619262275948142
20newsgroups,real,ternary_dfa,ternary_dfa_step,ternary,per_step,loss,18.325280625040634,0.2789075729894447,3,0.1610273623444811,0.6928448201818935
20newsgroups,real,ternary_dfa,ternary_dfa_step,ternary,per_step,macro_f1,0.047753729233477094,0.008479963340170035,3,0.004895909117165328,0.021065396728368897
20newsgroups,real,ternary_dfa,ternary_dfa_step,ternary,per_step,sample_count,3776.0,0.0,3,0.0,0.0
20newsgroups,real,ternary_dfa,ternary_dfa_step,ternary,per_step,samples_per_step,64.0,0.0,3,0.0,0.0
20newsgroups,real,ternary_dfa,ternary_dfa_step,ternary,per_step,ternary_zero_ratio,0.6820114430279459,0.00012555986778332713,3,7.249202346411774e-05,0.0003119080026546784
20newsgroups,real,ternary_dfa,ternary_dfa_step,ternary,per_step,test_throughput_samples_sec,5411.627742177523,283.85917825161954,3,163.88617297551852,705.1452895478261
20newsgroups,real,ternary_dfa,ternary_dfa_step,ternary,per_step,train_throughput_samples_sec,781.6530665383949,4.049512939874748,3,2.3379873859235585,10.059547808542124
20newsgroups,real,dfa,dfa_ternary_epoch_tau010,ternary,per_epoch,accuracy,0.08412782485875707,0.006121729677819847,3,0.00353438227739541,0.01520721955438539
20newsgroups,real,dfa,dfa_ternary_epoch_tau010,ternary,per_epoch,loss,4.578421400451179,0.8237210900929505,3,0.47557559310233694,2.0462366239409437
20newsgroups,real,dfa,dfa_ternary_epoch_tau010,ternary,per_epoch,macro_f1,0.05746039356228474,0.006876888196680875,3,0.003970373251540663,0.01708313730950814
20newsgroups,real,dfa,dfa_ternary_epoch_tau010,ternary,per_epoch,sample_count,3776.0,0.0,3,0.0,0.0
20newsgroups,real,dfa,dfa_ternary_epoch_tau010,ternary,per_epoch,samples_per_step,64.0,0.0,3,0.0,0.0
20newsgroups,real,dfa,dfa_ternary_epoch_tau010,ternary,per_epoch,ternary_zero_ratio,0.9544360865024489,2.787060069172316e-05,3,1.6091098811842937e-05,6.923441023004807e-05
20newsgroups,real,dfa,dfa_ternary_epoch_tau010,ternary,per_epoch,test_throughput_samples_sec,3686.5771078777557,76.45966978641776,3,44.144010933338194,189.93634915156073
20newsgroups,real,dfa,dfa_ternary_epoch_tau010,ternary,per_epoch,train_throughput_samples_sec,1132.4487650980818,10.46952619292592,3,6.044583765773618,26.007744840983232
20newsgroups,real,dfa,dfa_ternary_epoch_tau005,ternary,per_epoch,accuracy,0.12641242937853106,0.0184363377319957,3,0.010644224552438573,0.04579840182833844
20newsgroups,real,dfa,dfa_ternary_epoch_tau005,ternary,per_epoch,loss,17.200012798729016,0.7206721070106599,3,0.4160802349800593,1.7902487588990768
20newsgroups,real,dfa,dfa_ternary_epoch_tau005,ternary,per_epoch,macro_f1,0.09920718444312081,0.029643886379618435,3,0.017114905781099386,0.07363949608122153
20newsgroups,real,dfa,dfa_ternary_epoch_tau005,ternary,per_epoch,sample_count,3776.0,0.0,3,0.0,0.0
20newsgroups,real,dfa,dfa_ternary_epoch_tau005,ternary,per_epoch,samples_per_step,64.0,0.0,3,0.0,0.0
20newsgroups,real,dfa,dfa_ternary_epoch_tau005,ternary,per_epoch,ternary_zero_ratio,0.6793012077751368,0.00025455029634529214,3,0.00014696468211725344,0.0006323379907123432
20newsgroups,real,dfa,dfa_ternary_epoch_tau005,ternary,per_epoch,test_throughput_samples_sec,3722.478134263541,110.73868253663326,3,63.93500817222973,275.0901374491439
20newsgroups,real,dfa,dfa_ternary_epoch_tau005,ternary,per_epoch,train_throughput_samples_sec,1120.9012885956115,25.748898435962772,3,14.866133443339441,63.96380964320974
20newsgroups,real,dfa,dfa_ternary_epoch_tau002,ternary,per_epoch,accuracy,0.1027542372881356,0.014259100239376907,3,0.008232495361606116,0.035421568641596464
20newsgroups,real,dfa,dfa_ternary_epoch_tau002,ternary,per_epoch,loss,18.376522593147627,0.3953243852317221,3,0.22824064023075807,0.9820402137655684
20newsgroups,real,dfa,dfa_ternary_epoch_tau002,ternary,per_epoch,macro_f1,0.06325751633964073,0.013667842968588535,3,0.007891132817156124,0.033952804157829246
20newsgroups,real,dfa,dfa_ternary_epoch_tau002,ternary,per_epoch,sample_count,3776.0,0.0,3,0.0,0.0
20newsgroups,real,dfa,dfa_ternary_epoch_tau002,ternary,per_epoch,samples_per_step,64.0,0.0,3,0.0,0.0
20newsgroups,real,dfa,dfa_ternary_epoch_tau002,ternary,per_epoch,ternary_zero_ratio,0.2971259633390953,0.0005569267723778189,3,0.00032154182195124324,0.0013834827979991617
20newsgroups,real,dfa,dfa_ternary_epoch_tau002,ternary,per_epoch,test_throughput_samples_sec,2677.7275994546485,197.57496345623653,3,114.06995833658864,490.80341763778847
20newsgroups,real,dfa,dfa_ternary_epoch_tau002,ternary,per_epoch,train_throughput_samples_sec,880.7449645938368,28.34119248873282,3,16.362795112524893,70.40342505988409
20newsgroups,real,backprop,backprop_float_lr15,off,off,accuracy,0.19862288135593223,0.013430849929137671,3,0.007754304822033101,0.033364080811084884
20newsgroups,real,backprop,backprop_float_lr15,off,off,loss,2.6975948581587796,0.010239163206928832,3,0.005911583633796873,0.02543549146005493
20newsgroups,real,backprop,backprop_float_lr15,off,off,macro_f1,0.14002234557923918,0.019843129016264067,3,0.011456435879104533,0.04929306511028259
20newsgroups,real,backprop,backprop_float_lr15,off,off,sample_count,3776.0,0.0,3,0.0,0.0
20newsgroups,real,backprop,backprop_float_lr15,off,off,samples_per_step,64.0,0.0,3,0.0,0.0
20newsgroups,real,backprop,backprop_float_lr15,off,off,ternary_zero_ratio,2.813490348602708e-07,4.873108230384563e-07,3,2.8134903486027086e-07,1.210547192899447e-06
20newsgroups,real,backprop,backprop_float_lr15,off,off,test_throughput_samples_sec,7069.370566500339,1939.483847137587,3,1119.761521233817,4817.944966186284
20newsgroups,real,backprop,backprop_float_lr15,off,off,train_throughput_samples_sec,1727.3162941869475,298.08061472529147,3,172.09692315185617,740.4732962086648
20newsgroups,real,dfa,dfa_float,off,off,accuracy,0.222899011299435,0.010738977803836001,3,0.006200151725866132,0.026677099749162013
20newsgroups,real,dfa,dfa_float,off,off,loss,2.554077615446992,0.019211800108328615,3,0.011091937964160808,0.047724757161503005
20newsgroups,real,dfa,dfa_float,off,off,macro_f1,0.16860309193454878,0.008376160423107253,3,0.004835978475056462,0.020807535987493853
20newsgroups,real,dfa,dfa_float,off,off,sample_count,3776.0,0.0,3,0.0,0.0
20newsgroups,real,dfa,dfa_float,off,off,samples_per_step,64.0,0.0,3,0.0,0.0
20newsgroups,real,dfa,dfa_float,off,off,ternary_zero_ratio,2.813490348602708e-07,4.873108230384563e-07,3,2.8134903486027086e-07,1.210547192899447e-06
20newsgroups,real,dfa,dfa_float,off,off,test_throughput_samples_sec,6134.011385399153,112.51393018128432,3,64.95994787774727,279.5000970710834
20newsgroups,real,dfa,dfa_float,off,off,train_throughput_samples_sec,1879.1527013732205,6.018517570263616,3,3.474792739314191,14.950826465686081
20newsgroups,real,dfa,dfa_float_lr06,off,off,accuracy,0.1294138418079096,0.016800220713796308,3,0.009699611951555425,0.041734061842439975
20newsgroups,real,dfa,dfa_float_lr06,off,off,loss,2.8922263756343702,0.021988107443112165,3,0.012694839751251222,0.054621486911507235
20newsgroups,real,dfa,dfa_float_lr06,off,off,macro_f1,0.0769352694107291,0.010263223542655195,3,0.005925474875105282,0.02549526064739241
20newsgroups,real,dfa,dfa_float_lr06,off,off,sample_count,3776.0,0.0,3,0.0,0.0
20newsgroups,real,dfa,dfa_float_lr06,off,off,samples_per_step,64.0,0.0,3,0.0,0.0
20newsgroups,real,dfa,dfa_float_lr06,off,off,ternary_zero_ratio,2.813490348602708e-07,4.873108230384563e-07,3,2.8134903486027086e-07,1.210547192899447e-06
20newsgroups,real,dfa,dfa_float_lr06,off,off,test_throughput_samples_sec,1397.4045183241958,307.6901621331714,3,177.64499793458612,764.3447353183298
20newsgroups,real,dfa,dfa_float_lr06,off,off,train_throughput_samples_sec,489.7545780570515,124.72756356070217,3,72.01149239713756,309.84044434752894
20newsgroups,real,dfa,dfa_ternary_step,ternary,per_step,accuracy,0.059939971751412434,0.005305430508939524,3,0.0030630917325030877,0.013179420004823066
20newsgroups,real,dfa,dfa_ternary_step,ternary,per_step,loss,18.387536445934018,0.10070115802442438,3,0.05813984069310846,0.25015554427480974
20newsgroups,real,dfa,dfa_ternary_step,ternary,per_step,macro_f1,0.04405587358046992,0.003771699612704407,3,0.0021775917866972967,0.009369421245665494
20newsgroups,real,dfa,dfa_ternary_step,ternary,per_step,sample_count,3776.0,0.0,3,0.0,0.0
20newsgroups,real,dfa,dfa_ternary_step,ternary,per_step,samples_per_step,64.0,0.0,3,0.0,0.0
20newsgroups,real,dfa,dfa_ternary_step,ternary,per_step,ternary_zero_ratio,0.6820297307152118,0.00012943676317184446,3,7.473035006029824e-05,0.0003215387446941674
20newsgroups,real,dfa,dfa_ternary_step,ternary,per_step,test_throughput_samples_sec,5917.85550827337,201.93309944761575,3,116.58612932437643,501.62962760731716
20newsgroups,real,dfa,dfa_ternary_step,ternary,per_step,train_throughput_samples_sec,806.8453017450447,10.706985184046365,3,6.181680778218504,26.5976256758419
20newsgroups,real,structured,structured_hadamard_float,off,off,accuracy,0.07221045197740113,0.00558241940457711,3,0.0032230113459619848,0.013867498566238345
20newsgroups,real,structured,structured_hadamard_float,off,off,loss,2.980863759746659,0.0005406870613298664,3,0.00031216582040614606,0.001343141119355497
20newsgroups,real,structured,structured_hadamard_float,off,off,macro_f1,0.030998163173615877,0.008684711245141686,3,0.005014120375216723,0.021574018720529976
20newsgroups,real,structured,structured_hadamard_float,off,off,sample_count,3776.0,0.0,3,0.0,0.0
20newsgroups,real,structured,structured_hadamard_float,off,off,samples_per_step,64.0,0.0,3,0.0,0.0
20newsgroups,real,structured,structured_hadamard_float,off,off,ternary_zero_ratio,0.0,0.0,3,0.0,0.0
20newsgroups,real,structured,structured_hadamard_float,off,off,test_throughput_samples_sec,16670.061886488078,268.4729753944203,3,155.00294461410834,666.9238427881794
20newsgroups,real,structured,structured_hadamard_float,off,off,train_throughput_samples_sec,3199.427903111696,44.281211509969474,3,25.56576938532363,110.0006274380448
20newsgroups,real,dfa,dfa_float_lr10,off,off,accuracy,0.222899011299435,0.010738977803836001,3,0.006200151725866132,0.026677099749162013
20newsgroups,real,dfa,dfa_float_lr10,off,off,loss,2.554077615446992,0.019211800108328615,3,0.011091937964160808,0.047724757161503005
20newsgroups,real,dfa,dfa_float_lr10,off,off,macro_f1,0.16860309193454878,0.008376160423107253,3,0.004835978475056462,0.020807535987493853
20newsgroups,real,dfa,dfa_float_lr10,off,off,sample_count,3776.0,0.0,3,0.0,0.0
20newsgroups,real,dfa,dfa_float_lr10,off,off,samples_per_step,64.0,0.0,3,0.0,0.0
20newsgroups,real,dfa,dfa_float_lr10,off,off,ternary_zero_ratio,2.813490348602708e-07,4.873108230384563e-07,3,2.8134903486027086e-07,1.210547192899447e-06
20newsgroups,real,dfa,dfa_float_lr10,off,off,test_throughput_samples_sec,2329.9448605341627,458.5846864351735,3,264.7639921595876,1139.187513647657
20newsgroups,real,dfa,dfa_float_lr10,off,off,train_throughput_samples_sec,805.49941806477,143.59938950786406,3,82.90714618783124,356.72065887422525
20newsgroups,real,structured,structured_orth_float,off,off,accuracy,0.08757062146892654,0.015250957205804737,3,0.008805144248170828,0.037885477936654775
20newsgroups,real,structured,structured_orth_float,off,off,loss,2.985519190966073,0.00010258799108835236,3,5.922920427048317e-05,0.0002548426974448669
20newsgroups,real,structured,structured_orth_float,off,off,macro_f1,0.04479695520867288,0.016006294161872887,3,0.009241238243085648,0.039761838954372936
20newsgroups,real,structured,structured_orth_float,off,off,sample_count,3776.0,0.0,3,0.0,0.0
20newsgroups,real,structured,structured_orth_float,off,off,samples_per_step,64.0,0.0,3,0.0,0.0
20newsgroups,real,structured,structured_orth_float,off,off,ternary_zero_ratio,0.0,0.0,3,0.0,0.0
20newsgroups,real,structured,structured_orth_float,off,off,test_throughput_samples_sec,17052.518152653007,417.30549186858815,3,240.93143806463857,1036.6443097102663
20newsgroups,real,structured,structured_orth_float,off,off,train_throughput_samples_sec,1147.010292350513,34.624920693427875,3,19.99070728302003,86.01307126414333
20newsgroups,real,backprop,backprop_ternary_step,ternary,per_step,accuracy,0.061528954802259894,0.012183162882872581,3,0.007033952370007542,0.03026465436687883
20newsgroups,real,backprop,backprop_ternary_step,ternary,per_step,loss,17.899558766264274,0.1939378723449649,3,0.11197008280442877,0.4817683824468669
20newsgroups,real,backprop,backprop_ternary_step,ternary,per_step,macro_f1,0.0540544895588022,0.010903633323172323,3,0.006295215634278515,0.02708612673420859
20newsgroups,real,backprop,backprop_ternary_step,ternary,per_step,sample_count,3776.0,0.0,3,0.0,0.0
20newsgroups,real,backprop,backprop_ternary_step,ternary,per_step,samples_per_step,64.0,0.0,3,0.0,0.0
20newsgroups,real,backprop,backprop_ternary_step,ternary,per_step,ternary_zero_ratio,0.682182221892106,0.00011290793015902243,3,6.518742387095507e-05,0.00028047884727424823
20newsgroups,real,backprop,backprop_ternary_step,ternary,per_step,test_throughput_samples_sec,6125.323407250234,104.132157742095,3,60.12072930369513,258.67862006280063
20newsgroups,real,backprop,backprop_ternary_step,ternary,per_step,train_throughput_samples_sec,810.4823350162769,2.6101265122133377,3,1.5069572444453496,6.483913701672356
20newsgroups,real,backprop,backprop_float,off,off,accuracy,0.12296963276836159,0.004223472356605117,3,0.0024384229020009075,0.010491686955972378
20newsgroups,real,backprop,backprop_float,off,off,loss,2.9213694664044567,0.0025751342290236162,3,0.0014867544403262044,0.006396988051377252
20newsgroups,real,backprop,backprop_float,off,off,macro_f1,0.07224726273830054,0.0034586833137614046,3,0.001996871742241814,0.008591845653039424
20newsgroups,real,backprop,backprop_float,off,off,sample_count,3776.0,0.0,3,0.0,0.0
20newsgroups,real,backprop,backprop_float,off,off,samples_per_step,64.0,0.0,3,0.0,0.0
20newsgroups,real,backprop,backprop_float,off,off,ternary_zero_ratio,0.0,0.0,3,0.0,0.0
20newsgroups,real,backprop,backprop_float,off,off,test_throughput_samples_sec,17155.558145900093,224.3879058659879,3,129.55041785462453,557.4104590433466
20newsgroups,real,backprop,backprop_float,off,off,train_throughput_samples_sec,4127.292462404298,9.070362300385552,3,5.236776115775032,22.532029050473604
20newsgroups,real,structured,structured_hadamard_ternary,ternary,per_step,accuracy,0.05632062146892656,0.007210656022832675,3,0.004163074195816242,0.01791226255345194
20newsgroups,real,structured,structured_hadamard_ternary,ternary,per_step,loss,18.307419697974574,0.11346116283313891,3,0.06550683290428072,0.28185315342344514
20newsgroups,real,structured,structured_hadamard_ternary,ternary,per_step,macro_f1,0.04577583216973117,0.004309548247914099,3,0.0024881188410188853,0.010705511323653584
20newsgroups,real,structured,structured_hadamard_ternary,ternary,per_step,sample_count,3776.0,0.0,3,0.0,0.0
20newsgroups,real,structured,structured_hadamard_ternary,ternary,per_step,samples_per_step,64.0,0.0,3,0.0,0.0
20newsgroups,real,structured,structured_hadamard_ternary,ternary,per_step,ternary_zero_ratio,0.6820471743553731,0.00014092385305917047,3,8.136242449895134e-05,0.00035007425788261297
20newsgroups,real,structured,structured_hadamard_ternary,ternary,per_step,test_throughput_samples_sec,5664.421159596593,96.19801789759681,3,55.53995152868596,238.96912406404053
20newsgroups,real,structured,structured_hadamard_ternary,ternary,per_step,train_throughput_samples_sec,750.6693325726934,3.240751085469998,3,1.8710485115726754,8.0504719861146
20newsgroups,real,backprop,backprop_float_lr10,off,off,accuracy,0.12296963276836159,0.004223472356605117,3,0.0024384229020009075,0.010491686955972378
20newsgroups,real,backprop,backprop_float_lr10,off,off,loss,2.9213694664044567,0.0025751342290236162,3,0.0014867544403262044,0.006396988051377252
20newsgroups,real,backprop,backprop_float_lr10,off,off,macro_f1,0.07224726273830054,0.0034586833137614046,3,0.001996871742241814,0.008591845653039424
20newsgroups,real,backprop,backprop_float_lr10,off,off,sample_count,3776.0,0.0,3,0.0,0.0
20newsgroups,real,backprop,backprop_float_lr10,off,off,samples_per_step,64.0,0.0,3,0.0,0.0
20newsgroups,real,backprop,backprop_float_lr10,off,off,ternary_zero_ratio,0.0,0.0,3,0.0,0.0
20newsgroups,real,backprop,backprop_float_lr10,off,off,test_throughput_samples_sec,8209.262213884862,596.1824688954607,3,344.20610890292994,1480.999354123329
20newsgroups,real,backprop,backprop_float_lr10,off,off,train_throughput_samples_sec,1774.031117755092,384.00141006260264,3,221.70331746883951,953.9123841376884
20newsgroups,real,dfa,dfa_ternary_epoch,ternary,per_epoch,accuracy,0.12641242937853106,0.0184363377319957,3,0.010644224552438573,0.04579840182833844
20newsgroups,real,dfa,dfa_ternary_epoch,ternary,per_epoch,loss,17.200012798729016,0.7206721070106599,3,0.4160802349800593,1.7902487588990768
20newsgroups,real,dfa,dfa_ternary_epoch,ternary,per_epoch,macro_f1,0.09920718444312081,0.029643886379618435,3,0.017114905781099386,0.07363949608122153
20newsgroups,real,dfa,dfa_ternary_epoch,ternary,per_epoch,sample_count,3776.0,0.0,3,0.0,0.0
20newsgroups,real,dfa,dfa_ternary_epoch,ternary,per_epoch,samples_per_step,64.0,0.0,3,0.0,0.0
20newsgroups,real,dfa,dfa_ternary_epoch,ternary,per_epoch,ternary_zero_ratio,0.6793012077751368,0.00025455029634529214,3,0.00014696468211725344,0.0006323379907123432
20newsgroups,real,dfa,dfa_ternary_epoch,ternary,per_epoch,test_throughput_samples_sec,5723.359637463055,202.37992845774187,3,116.84410617365448,502.7396124021173
20newsgroups,real,dfa,dfa_ternary_epoch,ternary,per_epoch,train_throughput_samples_sec,1843.8628888391606,18.085407875865943,3,10.44161510553538,44.926643738514606
20newsgroups,real,structured,structured_orth_ternary,ternary,per_step,accuracy,0.057644774011299436,0.004105584729602219,3,0.002370360448816658,0.010198837855974708
20newsgroups,real,structured,structured_orth_ternary,ternary,per_step,loss,18.3227630253309,0.18690480749747976,3,0.10790954092150513,0.4642972808293865
20newsgroups,real,structured,structured_orth_ternary,ternary,per_step,macro_f1,0.04406708090376596,0.004619698532392522,3,0.002667184191251742,0.011475967341665502
20newsgroups,real,structured,structured_orth_ternary,ternary,per_step,sample_count,3776.0,0.0,3,0.0,0.0
20newsgroups,real,structured,structured_orth_ternary,ternary,per_step,samples_per_step,64.0,0.0,3,0.0,0.0
20newsgroups,real,structured,structured_orth_ternary,ternary,per_step,ternary_zero_ratio,0.6820820616356956,0.00011738325464392544,3,6.777125366702475e-05,0.0002915961695999335
20newsgroups,real,structured,structured_orth_ternary,ternary,per_step,test_throughput_samples_sec,5739.99680755,127.63906974212449,3,73.692451274729,317.0730266510663
20newsgroups,real,structured,structured_orth_ternary,ternary,per_step,train_throughput_samples_sec,524.1646061095137,2.778812671917425,3,1.6043482441590686,6.9029533524593765
20newsgroups,offline,ternary_dfa,ternary_dfa_step,ternary,per_step,accuracy,0.265625,0.04133986423538423,3,0.023867581744561668,0.10269391574961877
20newsgroups,offline,ternary_dfa,ternary_dfa_step,ternary,per_step,loss,14.891555433445193,0.8861276309638428,3,0.5116060262733401,2.201263065584046
20newsgroups,offline,ternary_dfa,ternary_dfa_step,ternary,per_step,macro_f1,0.20780729401624698,0.031097786723222515,3,0.01795431553585409,0.077251184754031
20newsgroups,offline,ternary_dfa,ternary_dfa_step,ternary,per_step,sample_count,64.0,0.0,3,0.0,0.0
20newsgroups,offline,ternary_dfa,ternary_dfa_step,ternary,per_step,samples_per_step,64.0,0.0,3,0.0,0.0
20newsgroups,offline,ternary_dfa,ternary_dfa_step,ternary,per_step,ternary_zero_ratio,0.6809060875216638,0.00030334771556445684,3,0.0001751378852391972,0.0007535575000353193
20newsgroups,offline,ternary_dfa,ternary_dfa_step,ternary,per_step,test_throughput_samples_sec,7573.565044444549,385.29836677791866,3,222.45211577755452,957.1342032248339
20newsgroups,offline,ternary_dfa,ternary_dfa_step,ternary,per_step,train_throughput_samples_sec,1054.643424112089,42.00113962917641,3,24.249369271176057,104.33661489325225
20newsgroups,offline,dfa,dfa_float,off,off,accuracy,0.15104166666666666,0.03252603124165832,3,0.01877891289304161,0.08079914082401152
20newsgroups,offline,dfa,dfa_float,off,off,loss,2.0690618126789007,0.007764052494750718,3,0.004482577797846713,0.01928697559894483
20newsgroups,offline,dfa,dfa_float,off,off,macro_f1,0.07796573530920754,0.04257398400828043,3,0.02458010112765553,0.10575963921840226
20newsgroups,offline,dfa,dfa_float,off,off,sample_count,64.0,0.0,3,0.0,0.0
20newsgroups,offline,dfa,dfa_float,off,off,samples_per_step,64.0,0.0,3,0.0,0.0
20newsgroups,offline,dfa,dfa_float,off,off,ternary_zero_ratio,0.0,0.0,3,0.0,0.0
20newsgroups,offline,dfa,dfa_float,off,off,test_throughput_samples_sec,7518.098917565469,822.4189395948301,3,474.82379616172176,2043.0019027820667
20newsgroups,offline,dfa,dfa_float,off,off,train_throughput_samples_sec,2244.2749044838465,4.408993926142717,3,2.5455338301139228,10.952548083221172
20newsgroups,offline,dfa,dfa_ternary_step,ternary,per_step,accuracy,0.22395833333333334,0.05022734771350497,3,0.02899877272307303,0.12477164862100679
20newsgroups,offline,dfa,dfa_ternary_step,ternary,per_step,loss,15.715743853290855,1.0052506720337222,3,0.5803817461017218,2.4971811042552456
20newsgroups,offline,dfa,dfa_ternary_step,ternary,per_step,macro_f1,0.1734457948915664,0.07008180641613573,3,0.04046174979965121,0.17409285823245627
20newsgroups,offline,dfa,dfa_ternary_step,ternary,per_step,sample_count,64.0,0.0,3,0.0,0.0
20newsgroups,offline,dfa,dfa_ternary_step,ternary,per_step,samples_per_step,64.0,0.0,3,0.0,0.0
20newsgroups,offline,dfa,dfa_ternary_step,ternary,per_step,ternary_zero_ratio,0.6818809575389948,7.51822443079364e-05,3,4.3406488989467296e-05,0.00018676304834639514
20newsgroups,offline,dfa,dfa_ternary_step,ternary,per_step,test_throughput_samples_sec,7340.134175351352,880.5488934427246,3,508.38514066378417,2187.4047133233585
20newsgroups,offline,dfa,dfa_ternary_step,ternary,per_step,train_throughput_samples_sec,1048.3695222445067,24.818486348483592,3,14.328959774176054,61.65253788914744
20newsgroups,offline,structured,structured_hadamard_float,off,off,accuracy,0.13541666666666666,0.036084391824351615,3,0.020833333333333336,0.08963859853981823
20newsgroups,offline,structured,structured_hadamard_float,off,off,loss,2.075551986694336,0.007761252968984473,3,0.004480961490891968,0.019280021191413622
20newsgroups,offline,structured,structured_hadamard_float,off,off,macro_f1,0.08247354486878514,0.04103658767399052,3,0.023692484940202107,0.10194053500634236
20newsgroups,offline,structured,structured_hadamard_float,off,off,sample_count,64.0,0.0,3,0.0,0.0
20newsgroups,offline,structured,structured_hadamard_float,off,off,samples_per_step,64.0,0.0,3,0.0,0.0
20newsgroups,offline,structured,structured_hadamard_float,off,off,ternary_zero_ratio,0.0,0.0,3,0.0,0.0
20newsgroups,offline,structured,structured_hadamard_float,off,off,test_throughput_samples_sec,17159.856892294363,550.9908045232934,3,318.11468931253194,1368.7370363954426
20newsgroups,offline,structured,structured_hadamard_float,off,off,train_throughput_samples_sec,3804.690874234826,65.6131377462016,3,37.88176274014549,162.9920698677382
20newsgroups,offline,structured,structured_orth_float,off,off,accuracy,0.13541666666666666,0.036084391824351615,3,0.020833333333333336,0.08963859853981823
20newsgroups,offline,structured,structured_orth_float,off,off,loss,2.0750505129496255,0.007285204736928384,3,0.004206114915967139,0.018097451825506542
20newsgroups,offline,structured,structured_orth_float,off,off,macro_f1,0.08172387670274854,0.04099701582678323,3,0.023669638123564648,0.10184223308836741
20newsgroups,offline,structured,structured_orth_float,off,off,sample_count,64.0,0.0,3,0.0,0.0
20newsgroups,offline,structured,structured_orth_float,off,off,samples_per_step,64.0,0.0,3,0.0,0.0
20newsgroups,offline,structured,structured_orth_float,off,off,ternary_zero_ratio,2.8208044482957826e-07,4.885776622664591e-07,3,2.8208044482957826e-07,1.2136941960005716e-06
20newsgroups,offline,structured,structured_orth_float,off,off,test_throughput_samples_sec,17386.893539523735,183.42350036593797,3,105.89960731197772,455.6492344974129
20newsgroups,offline,structured,structured_orth_float,off,off,train_throughput_samples_sec,1490.1215078833582,87.30351680103237,3,50.40470892627706,216.87395846202918
20newsgroups,offline,backprop,backprop_ternary_step,ternary,per_step,accuracy,0.390625,0.06810779599282303,3,0.03932205435036849,0.16918914449633252
20newsgroups,offline,backprop,backprop_ternary_step,ternary,per_step,loss,12.042354204010445,1.1262673083461594,3,0.6502507336531305,2.797803094279451
20newsgroups,offline,backprop,backprop_ternary_step,ternary,per_step,macro_f1,0.34144565055099946,0.04738076446778425,3,0.02735529711988549,0.11770034383040934
20newsgroups,offline,backprop,backprop_ternary_step,ternary,per_step,sample_count,64.0,0.0,3,0.0,0.0
20newsgroups,offline,backprop,backprop_ternary_step,ternary,per_step,samples_per_step,64.0,0.0,3,0.0,0.0
20newsgroups,offline,backprop,backprop_ternary_step,ternary,per_step,ternary_zero_ratio,0.6810113035275852,0.00015161030127559369,3,8.753224825338428e-05,0.0003766208669026953
20newsgroups,offline,backprop,backprop_ternary_step,ternary,per_step,test_throughput_samples_sec,7772.402786477941,238.03582428584022,3,137.43004722820433,591.3137678782688
20newsgroups,offline,backprop,backprop_ternary_step,ternary,per_step,train_throughput_samples_sec,1040.207155977189,21.393562877571078,3,12.351579286290848,53.14455633487487
20newsgroups,offline,backprop,backprop_float,off,off,accuracy,0.17708333333333334,0.07216878364870322,3,0.041666666666666664,0.17927719707963644
20newsgroups,offline,backprop,backprop_float,off,off,loss,2.056987444559733,0.008354210966945368,3,0.004823305950632833,0.020753010515687655
20newsgroups,offline,backprop,backprop_float,off,off,macro_f1,0.14263838980442556,0.09290462572372724,3,0.053638510670555355,0.23078788436504002
20newsgroups,offline,backprop,backprop_float,off,off,sample_count,64.0,0.0,3,0.0,0.0
20newsgroups,offline,backprop,backprop_float,off,off,samples_per_step,64.0,0.0,3,0.0,0.0
20newsgroups,offline,backprop,backprop_float,off,off,ternary_zero_ratio,0.0,0.0,3,0.0,0.0
20newsgroups,offline,backprop,backprop_float,off,off,test_throughput_samples_sec,17760.055634527856,558.8727333142584,3,322.6653230217291,1388.316832947146
20newsgroups,offline,backprop,backprop_float,off,off,train_throughput_samples_sec,4783.442140601065,118.00218129559727,3,68.12859113597611,293.13366863621667
20newsgroups,offline,structured,structured_hadamard_ternary,ternary,per_step,accuracy,0.2916666666666667,0.018042195912175804,3,0.010416666666666666,0.04481929926990911
20newsgroups,offline,structured,structured_hadamard_ternary,ternary,per_step,loss,14.547803673512014,0.6010275278927902,3,0.3470034050192778,1.4930351478947033
20newsgroups,offline,structured,structured_hadamard_ternary,ternary,per_step,macro_f1,0.2593262085314656,0.009571886410210974,3,0.005526331195587827,0.023777884005089803
20newsgroups,offline,structured,structured_hadamard_ternary,ternary,per_step,sample_count,64.0,0.0,3,0.0,0.0
20newsgroups,offline,structured,structured_hadamard_ternary,ternary,per_step,samples_per_step,64.0,0.0,3,0.0,0.0
20newsgroups,offline,structured,structured_hadamard_ternary,ternary,per_step,ternary_zero_ratio,0.6818984465265743,9.548037636984359e-05,3,5.5125620999455985e-05,0.00023718640368136358
20newsgroups,offline,structured,structured_hadamard_ternary,ternary,per_step,test_throughput_samples_sec,7245.0924730417755,290.8768674138139,3,167.93783770240054,722.5781958456303
20newsgroups,offline,structured,structured_hadamard_ternary,ternary,per_step,train_throughput_samples_sec,975.0769430922795,13.908811096327666,3,8.030255830572433,34.551402171298406
20newsgroups,offline,dfa,dfa_ternary_epoch,ternary,per_epoch,accuracy,0.34375,0.04133986423538423,3,0.023867581744561668,0.10269391574961877
20newsgroups,offline,dfa,dfa_ternary_epoch,ternary,per_epoch,loss,13.05427265825385,1.3608423608388418,3,0.7856827033549512,3.380519828434251
20newsgroups,offline,dfa,dfa_ternary_epoch,ternary,per_epoch,macro_f1,0.26020355371219656,0.05424510888562714,3,0.03131842821733739,0.13475232066585704
20newsgroups,offline,dfa,dfa_ternary_epoch,ternary,per_epoch,sample_count,64.0,0.0,3,0.0,0.0
20newsgroups,offline,dfa,dfa_ternary_epoch,ternary,per_epoch,samples_per_step,64.0,0.0,3,0.0,0.0
20newsgroups,offline,dfa,dfa_ternary_epoch,ternary,per_epoch,ternary_zero_ratio,0.6818315934611497,0.0001359378998940842,3,7.848378309692192e-05,0.0003376884635957354
20newsgroups,offline,dfa,dfa_ternary_epoch,ternary,per_epoch,test_throughput_samples_sec,7491.794596914081,264.37640664708846,3,152.63778954508248,656.7474018737718
20newsgroups,offline,dfa,dfa_ternary_epoch,ternary,per_epoch,train_throughput_samples_sec,2256.513488355336,75.8614172748644,3,43.798609684749486,188.45020752640576
20newsgroups,offline,structured,structured_orth_ternary,ternary,per_step,accuracy,0.20833333333333334,0.08605578980134534,3,0.04968433340713259,0.21377443276802097
20newsgroups,offline,structured,structured_orth_ternary,ternary,per_step,loss,16.143487329491094,2.0060501917117763,3,1.1581936181926946,4.983304933082614
20newsgroups,offline,structured,structured_orth_ternary,ternary,per_step,macro_f1,0.15106817942134879,0.07900630170360483,3,0.045614309556253035,0.19626253353523007
20newsgroups,offline,structured,structured_orth_ternary,ternary,per_step,sample_count,64.0,0.0,3,0.0,0.0
20newsgroups,offline,structured,structured_orth_ternary,ternary,per_step,samples_per_step,64.0,0.0,3,0.0,0.0
20newsgroups,offline,structured,structured_orth_ternary,ternary,per_step,ternary_zero_ratio,0.6819032418941364,7.465332383314004e-05,3,4.310111661096371e-05,0.0001854491370483872
20newsgroups,offline,structured,structured_orth_ternary,ternary,per_step,test_throughput_samples_sec,7804.634601266735,167.35405412772354,3,96.62190820061639,415.7305170886187
20newsgroups,offline,structured,structured_orth_ternary,ternary,per_step,train_throughput_samples_sec,713.6274102019066,3.6794421565304996,3,2.124326919540541,9.140241019585117
ag_news,real,dfa,dfa_ternary_epoch_tau005,ternary,per_epoch,accuracy,0.7738682644110275,0.0013014574998342437,2,0.0009202694235588836,0.011693131708417522
ag_news,real,dfa,dfa_ternary_epoch_tau005,ternary,per_epoch,loss,4.427953319343671,0.05721699003295335,2,0.040458521651384416,0.5140742594358612
ag_news,real,dfa,dfa_ternary_epoch_tau005,ternary,per_epoch,macro_f1,0.7669890759882518,0.002807610658778203,2,0.001985280535753697,0.02522538094654007
ag_news,real,dfa,dfa_ternary_epoch_tau005,ternary,per_epoch,sample_count,25536.0,0.0,2,0.0,0.0
ag_news,real,dfa,dfa_ternary_epoch_tau005,ternary,per_epoch,samples_per_step,64.0,0.0,2,0.0,0.0
ag_news,real,dfa,dfa_ternary_epoch_tau005,ternary,per_epoch,ternary_zero_ratio,0.67214908345774,0.000832954614020449,2,0.0005889878559944827,0.007483800285538081
ag_news,real,dfa,dfa_ternary_epoch_tau005,ternary,per_epoch,test_throughput_samples_sec,1768.3361664589556,274.16498697984014,2,193.86392145736644,2463.2746770448894
ag_news,real,dfa,dfa_ternary_epoch_tau005,ternary,per_epoch,train_throughput_samples_sec,692.9835273049564,58.09536574133909,2,41.0796270712135,521.9661520631171
ag_news,real,dfa,dfa_float,off,off,accuracy,0.8998472744360901,0.00047073994674854286,2,0.00033286340852128893,0.004229430617938133
ag_news,real,dfa,dfa_float,off,off,loss,0.3029618965821308,0.0015814071270738685,2,0.0011182237033706686,0.014208379316159028
ag_news,real,dfa,dfa_float,off,off,macro_f1,0.8995280252858904,0.0004747713757270139,2,0.0003357140592898378,0.004265651570235382
ag_news,real,dfa,dfa_float,off,off,sample_count,25536.0,0.0,2,0.0,0.0
ag_news,real,dfa,dfa_float,off,off,samples_per_step,64.0,0.0,2,0.0,0.0
ag_news,real,dfa,dfa_float,off,off,ternary_zero_ratio,4.485817638952687e-07,6.343904143339346e-07,2,4.4858176389526867e-07,5.699771733083127e-06
ag_news,real,dfa,dfa_float,off,off,test_throughput_samples_sec,3378.2390699678754,73.52053759892088,2,51.986870692677485,660.5558226275815
ag_news,real,dfa,dfa_float,off,off,train_throughput_samples_sec,1411.9319055404144,62.84018106169047,2,44.43471815971179,564.5966263429552
ag_news,real,backprop,backprop_float,off,off,accuracy,0.900532581453634,0.000664574042468545,2,0.00046992481203006475,0.005970960872383371
ag_news,real,backprop,backprop_float,off,off,loss,0.30084820339143425,0.002424436550998875,2,0.0017143355257678292,0.021782698177345
ag_news,real,backprop,backprop_float,off,off,macro_f1,0.9002471359601294,0.0006910234968766758,2,0.0004886274006007385,0.006208599791863606
ag_news,real,backprop,backprop_float,off,off,sample_count,25536.0,0.0,2,0.0,0.0
ag_news,real,backprop,backprop_float,off,off,samples_per_step,64.0,0.0,2,0.0,0.0
ag_news,real,backprop,backprop_float,off,off,ternary_zero_ratio,4.485817638952687e-07,6.343904143339346e-07,2,4.4858176389526867e-07,5.699771733083127e-06
ag_news,real,backprop,backprop_float,off,off,test_throughput_samples_sec,3807.2768232168764,243.61407386698616,2,172.2611636238264,2188.7856131403673
ag_news,real,backprop,backprop_float,off,off,train_throughput_samples_sec,1506.6056732844327,36.17456062810048,2,25.579277126573743,325.01553218018046
ag_news,offline,dfa,dfa_ternary_epoch_tau005,ternary,per_epoch,accuracy,0.48125,0.18401713150546609,5,0.08229496301414807,0.2284874472430653
ag_news,offline,dfa,dfa_ternary_epoch_tau005,ternary,per_epoch,loss,10.163230506153393,3.6990886113217987,5,1.654282717942168,4.5930251548438426
ag_news,offline,dfa,dfa_ternary_epoch_tau005,ternary,per_epoch,macro_f1,0.39329523872679595,0.21578152570571218,5,0.09650043195331814,0.2679281519462634
ag_news,offline,dfa,dfa_ternary_epoch_tau005,ternary,per_epoch,sample_count,64.0,0.0,5,0.0,0.0
ag_news,offline,dfa,dfa_ternary_epoch_tau005,ternary,per_epoch,samples_per_step,64.0,0.0,5,0.0,0.0
ag_news,offline,dfa,dfa_ternary_epoch_tau005,ternary,per_epoch,ternary_zero_ratio,0.6818270555810748,0.00031560805160908565,5,0.00014114421152883547,0.00039187915522623793
ag_news,offline,dfa,dfa_ternary_epoch_tau005,ternary,per_epoch,test_throughput_samples_sec,2755.691968478891,144.19185776038714,5,64.48455915084124,179.03783861519108
ag_news,offline,dfa,dfa_ternary_epoch_tau005,ternary,per_epoch,train_throughput_samples_sec,863.2277086451464,50.745965576037825,5,22.694285722376968,63.00943850985382
ag_news,offline,dfa,dfa_float,off,off,accuracy,0.38125,0.19534374750039996,5,0.08736037967808978,0.24255129854545363
ag_news,offline,dfa,dfa_float,off,off,loss,1.3409138917922974,0.030205838843800868,5,0.013508461794428477,0.03750550262789242
ag_news,offline,dfa,dfa_float,off,off,macro_f1,0.3508406045288394,0.16648709185100957,5,0.07445529095102174,0.20672102811704227
ag_news,offline,dfa,dfa_float,off,off,sample_count,64.0,0.0,5,0.0,0.0
ag_news,offline,dfa,dfa_float,off,off,samples_per_step,64.0,0.0,5,0.0,0.0
ag_news,offline,dfa,dfa_float,off,off,ternary_zero_ratio,1.794327055581075e-07,4.0122372701463277e-07,5,1.7943270555810753e-07,4.981850570592055e-07
ag_news,offline,dfa,dfa_float,off,off,test_throughput_samples_sec,4194.958341284162,531.1868593231433,5,237.55398524023323,659.5555995404757
ag_news,offline,dfa,dfa_float,off,off,train_throughput_samples_sec,1447.1736724593134,231.7835958905858,5,103.65677529613814,287.79734639155083
ag_news,offline,backprop,backprop_float,off,off,accuracy,0.4125,0.07039925203793006,5,0.03148350262439044,0.08741221675597088
ag_news,offline,backprop,backprop_float,off,off,loss,1.3650750637054443,0.008157065488989784,5,0.0036479505860597438,0.010128334548669017
ag_news,offline,backprop,backprop_float,off,off,macro_f1,0.36673670217594745,0.06349973285343768,5,0.02839794384267267,0.0788453321796705
ag_news,offline,backprop,backprop_float,off,off,sample_count,64.0,0.0,5,0.0,0.0
ag_news,offline,backprop,backprop_float,off,off,samples_per_step,64.0,0.0,5,0.0,0.0
ag_news,offline,backprop,backprop_float,off,off,ternary_zero_ratio,1.794327055581075e-07,4.0122372701463277e-07,5,1.7943270555810753e-07,4.981850570592055e-07
ag_news,offline,backprop,backprop_float,off,off,test_throughput_samples_sec,4356.255192545524,945.0397229769518,5,422.6346124028068,1173.4218008929417
ag_news,offline,backprop,backprop_float,off,off,train_throughput_samples_sec,1513.9953129855185,61.44052705826334,5,27.477039015138402,76.28849047890996
ucr,real,ternary_dfa,ternary_dfa_step,ternary,per_step,accuracy,1.0,0.0,3,0.0,0.0
ucr,real,ternary_dfa,ternary_dfa_step,ternary,per_step,loss,-1.000000082240371e-09,0.0,3,0.0,0.0
ucr,real,ternary_dfa,ternary_dfa_step,ternary,per_step,macro_f1,0.9999999994313753,0.0,3,0.0,0.0
ucr,real,ternary_dfa,ternary_dfa_step,ternary,per_step,sample_count,64.0,0.0,3,0.0,0.0
ucr,real,ternary_dfa,ternary_dfa_step,ternary,per_step,samples_per_step,32.0,0.0,3,0.0,0.0
ucr,real,ternary_dfa,ternary_dfa_step,ternary,per_step,ternary_zero_ratio,0.6071971792035399,0.006386399725670254,3,0.0036871896007682737,0.015864696401446075
ucr,real,ternary_dfa,ternary_dfa_step,ternary,per_step,test_throughput_samples_sec,34596.86357728026,7185.508801140443,3,4148.5554406028605,17849.793391698167
ucr,real,ternary_dfa,ternary_dfa_step,ternary,per_step,train_throughput_samples_sec,15101.944793592964,241.57366281083654,3,139.47261925296036,600.1022459766257
ucr,real,dfa,dfa_float,off,off,accuracy,1.0,0.0,3,0.0,0.0
ucr,real,dfa,dfa_float,off,off,loss,0.0327057577092106,0.004104261203180778,3,0.00236959631048096,0.010195550034078587
ucr,real,dfa,dfa_float,off,off,macro_f1,0.9999999994313753,0.0,3,0.0,0.0
ucr,real,dfa,dfa_float,off,off,sample_count,64.0,0.0,3,0.0,0.0
ucr,real,dfa,dfa_float,off,off,samples_per_step,32.0,0.0,3,0.0,0.0
ucr,real,dfa,dfa_float,off,off,ternary_zero_ratio,0.0,0.0,3,0.0,0.0
ucr,real,dfa,dfa_float,off,off,test_throughput_samples_sec,37193.759512501274,1903.446694802117,3,1098.9554616321057,4728.423717042285
ucr,real,dfa,dfa_float,off,off,train_throughput_samples_sec,22665.642641481612,884.4934091806686,3,510.6625078869088,2197.2034336229462
ucr,real,dfa,dfa_ternary_step,ternary,per_step,accuracy,0.8177083333333334,0.12629537138523064,3,0.07291666666666667,0.3137350948893638
ucr,real,dfa,dfa_ternary_step,ternary,per_step,loss,3.572170499526635,2.783171828474802,3,1.6068650043709098,6.913782097655387
ucr,real,dfa,dfa_ternary_step,ternary,per_step,macro_f1,0.7354973517351727,0.18629459021789105,3,0.10755723181087043,0.46278141707274145
ucr,real,dfa,dfa_ternary_step,ternary,per_step,sample_count,64.0,0.0,3,0.0,0.0
ucr,real,dfa,dfa_ternary_step,ternary,per_step,samples_per_step,32.0,0.0,3,0.0,0.0
ucr,real,dfa,dfa_ternary_step,ternary,per_step,ternary_zero_ratio,0.6646616887905605,0.008042627052414379,3,0.004643412893703208,0.01997899316319732
ucr,real,dfa,dfa_ternary_step,ternary,per_step,test_throughput_samples_sec,36351.216831381666,3146.8542029881596,3,1816.8371211957192,7817.219199316903
ucr,real,dfa,dfa_ternary_step,ternary,per_step,train_throughput_samples_sec,14879.892340245502,992.9987197528927,3,573.3080781542864,2466.7455675507267
ucr,real,structured,structured_hadamard_float,off,off,accuracy,0.796875,0.22041774968227945,3,0.1272582471132356,0.5475480443454868
ucr,real,structured,structured_hadamard_float,off,off,loss,1.2705780665079753,0.00872858747200505,3,0.005039452326607311,0.021683013310334672
ucr,real,structured,structured_hadamard_float,off,off,macro_f1,0.6837958846344853,0.32727679014552546,3,0.1889533428900358,0.8130006166116737
ucr,real,structured,structured_hadamard_float,off,off,sample_count,64.0,0.0,3,0.0,0.0
ucr,real,structured,structured_hadamard_float,off,off,samples_per_step,32.0,0.0,3,0.0,0.0
ucr,real,structured,structured_hadamard_float,off,off,ternary_zero_ratio,0.0,0.0,3,0.0,0.0
ucr,real,structured,structured_hadamard_float,off,off,test_throughput_samples_sec,38488.571884484154,4039.552521495336,3,2332.236735690964,10034.804757620086
ucr,real,structured,structured_hadamard_float,off,off,train_throughput_samples_sec,13662.382684955985,485.2378480881079,3,280.1522022146639,1205.3976376495789
ucr,real,structured,structured_orth_float,off,off,accuracy,0.7760416666666666,0.2189359328852469,3,0.12640271978657916,0.5438670073579347
ucr,real,structured,structured_orth_float,off,off,loss,1.2959517041842143,0.04336382641647688,3,0.025036116854645133,0.10772171653101656
ucr,real,structured,structured_orth_float,off,off,macro_f1,0.6644444440486914,0.3211322559568282,3,0.18540579442214658,0.7977367475118176
ucr,real,structured,structured_orth_float,off,off,sample_count,64.0,0.0,3,0.0,0.0
ucr,real,structured,structured_orth_float,off,off,samples_per_step,32.0,0.0,3,0.0,0.0
ucr,real,structured,structured_orth_float,off,off,ternary_zero_ratio,0.0,0.0,3,0.0,0.0
ucr,real,structured,structured_orth_float,off,off,test_throughput_samples_sec,41204.30957934001,1394.5143884829963,3,805.1232575794643,3464.1657821393405
ucr,real,structured,structured_orth_float,off,off,train_throughput_samples_sec,6680.893873124144,31.795558945501686,3,18.357174516220013,78.98454704567172
ucr,real,backprop,backprop_ternary_step,ternary,per_step,accuracy,1.0,0.0,3,0.0,0.0
ucr,real,backprop,backprop_ternary_step,ternary,per_step,loss,-9.99200218593608e-10,1.1368019010893377e-12,3,6.563328836092075e-13,2.8239724733916955e-12
ucr,real,backprop,backprop_ternary_step,ternary,per_step,macro_f1,0.9999999994313753,0.0,3,0.0,0.0
ucr,real,backprop,backprop_ternary_step,ternary,per_step,sample_count,64.0,0.0,3,0.0,0.0
ucr,real,backprop,backprop_ternary_step,ternary,per_step,samples_per_step,32.0,0.0,3,0.0,0.0
ucr,real,backprop,backprop_ternary_step,ternary,per_step,ternary_zero_ratio,0.6118408923303834,0.02946219668844727,3,0.017010007188992735,0.07318815386753
ucr,real,backprop,backprop_ternary_step,ternary,per_step,test_throughput_samples_sec,38061.04591420113,1521.4688013306038,3,878.4204220118414,3779.5380267790633
ucr,real,backprop,backprop_ternary_step,ternary,per_step,train_throughput_samples_sec,13778.8572420351,1334.5183707977433,3,770.484540618578,3315.127412046959
ucr,real,backprop,backprop_float,off,off,accuracy,1.0,0.0,3,0.0,0.0
ucr,real,backprop,backprop_float,off,off,loss,1.0295243362585704,0.05963029571280857,3,0.03442756728164702,0.14812986634858263
ucr,real,backprop,backprop_float,off,off,macro_f1,0.9999999994313753,0.0,3,0.0,0.0
ucr,real,backprop,backprop_float,off,off,sample_count,64.0,0.0,3,0.0,0.0
ucr,real,backprop,backprop_float,off,off,samples_per_step,32.0,0.0,3,0.0,0.0
ucr,real,backprop,backprop_float,off,off,ternary_zero_ratio,0.0,0.0,3,0.0,0.0
ucr,real,backprop,backprop_float,off,off,test_throughput_samples_sec,41105.73502424861,1381.634750457773,3,797.6871950985367,3432.1709876059863
ucr,real,backprop,backprop_float,off,off,train_throughput_samples_sec,28270.985628278064,1799.619496544266,3,1039.0108007687309,4470.502658334879
ucr,real,structured,structured_hadamard_ternary,ternary,per_step,accuracy,0.796875,0.0,3,0.0,0.0
ucr,real,structured,structured_hadamard_ternary,ternary,per_step,loss,4.209413372332865,0.0,3,0.0,0.0
ucr,real,structured,structured_hadamard_ternary,ternary,per_step,macro_f1,0.6941438187289255,0.0073939157842509845,3,0.0042688792684027295,0.01836750503785465
ucr,real,structured,structured_hadamard_ternary,ternary,per_step,sample_count,64.0,0.0,3,0.0,0.0
ucr,real,structured,structured_hadamard_ternary,ternary,per_step,samples_per_step,32.0,0.0,3,0.0,0.0
ucr,real,structured,structured_hadamard_ternary,ternary,per_step,ternary_zero_ratio,0.677152470501475,0.0020928510938619926,3,0.0012083081424150242,0.005198930327536025
ucr,real,structured,structured_hadamard_ternary,ternary,per_step,test_throughput_samples_sec,39054.81621160198,2524.1131094085113,3,1457.2973831820673,6270.244564040879
ucr,real,structured,structured_hadamard_ternary,ternary,per_step,train_throughput_samples_sec,10237.975425771901,784.3918026445181,3,452.8688184069483,1948.5372578103495
ucr,real,dfa,dfa_ternary_epoch,ternary,per_epoch,accuracy,1.0,0.0,3,0.0,0.0
ucr,real,dfa,dfa_ternary_epoch,ternary,per_epoch,loss,-1.000000082240371e-09,0.0,3,0.0,0.0
ucr,real,dfa,dfa_ternary_epoch,ternary,per_epoch,macro_f1,0.9999999994313753,0.0,3,0.0,0.0
ucr,real,dfa,dfa_ternary_epoch,ternary,per_epoch,sample_count,64.0,0.0,3,0.0,0.0
ucr,real,dfa,dfa_ternary_epoch,ternary,per_epoch,samples_per_step,32.0,0.0,3,0.0,0.0
ucr,real,dfa,dfa_ternary_epoch,ternary,per_epoch,ternary_zero_ratio,0.6372718473451328,0.009138667943505721,3,0.005276212397217632,0.022701709674480153
ucr,real,dfa,dfa_ternary_epoch,ternary,per_epoch,test_throughput_samples_sec,37568.92430554411,704.0968168695426,3,406.5104867551891,1749.0734555747754
ucr,real,dfa,dfa_ternary_epoch,ternary,per_epoch,train_throughput_samples_sec,22776.933361802217,922.572277344077,3,532.647352671489,2291.7965860519957
ucr,real,structured,structured_orth_ternary,ternary,per_step,accuracy,0.796875,0.0,3,0.0,0.0
ucr,real,structured,structured_orth_ternary,ternary,per_step,loss,4.164016759466084,0.07862940620717071,3,0.045396708839930446,0.19532627321911403
ucr,real,structured,structured_orth_ternary,ternary,per_step,macro_f1,0.677244046054601,0.019906887056168,3,0.011493246600606072,0.04945144886164119
ucr,real,structured,structured_orth_ternary,ternary,per_step,sample_count,64.0,0.0,3,0.0,0.0
ucr,real,structured,structured_orth_ternary,ternary,per_step,samples_per_step,32.0,0.0,3,0.0,0.0
ucr,real,structured,structured_orth_ternary,ternary,per_step,ternary_zero_ratio,0.6769911504424778,0.002200745857632282,3,0.001270601213321952,0.005466955779128275
ucr,real,structured,structured_orth_ternary,ternary,per_step,test_throughput_samples_sec,34852.12743540087,4936.388937449655,3,2850.025481861249,12262.669919846998
ucr,real,structured,structured_orth_ternary,ternary,per_step,train_throughput_samples_sec,5405.935365686258,402.08595579199937,3,232.1444348138788,998.8368861856455
ucr,offline,ternary_dfa,ternary_dfa_step,ternary,per_step,accuracy,1.0,0.0,3,0.0,0.0
ucr,offline,ternary_dfa,ternary_dfa_step,ternary,per_step,loss,-1.000000082240371e-09,0.0,3,0.0,0.0
ucr,offline,ternary_dfa,ternary_dfa_step,ternary,per_step,macro_f1,0.9999999994313753,0.0,3,0.0,0.0
ucr,offline,ternary_dfa,ternary_dfa_step,ternary,per_step,sample_count,64.0,0.0,3,0.0,0.0
ucr,offline,ternary_dfa,ternary_dfa_step,ternary,per_step,samples_per_step,32.0,0.0,3,0.0,0.0
ucr,offline,ternary_dfa,ternary_dfa_step,ternary,per_step,ternary_zero_ratio,0.6071971792035399,0.006386399725670254,3,0.0036871896007682737,0.015864696401446075
ucr,offline,ternary_dfa,ternary_dfa_step,ternary,per_step,test_throughput_samples_sec,51612.2240633429,3049.0574606739106,3,1760.3741456947191,7574.278623638611
ucr,offline,ternary_dfa,ternary_dfa_step,ternary,per_step,train_throughput_samples_sec,17675.482824795563,1360.0697446482668,3,785.2366331893425,3378.6005434184626
ucr,offline,dfa,dfa_float,off,off,accuracy,1.0,0.0,3,0.0,0.0
ucr,offline,dfa,dfa_float,off,off,loss,0.07247595963997173,0.011981330197072098,3,0.006917424214529368,0.029763274180599143
ucr,offline,dfa,dfa_float,off,off,macro_f1,0.9999999994313753,0.0,3,0.0,0.0
ucr,offline,dfa,dfa_float,off,off,sample_count,64.0,0.0,3,0.0,0.0
ucr,offline,dfa,dfa_float,off,off,samples_per_step,32.0,0.0,3,0.0,0.0
ucr,offline,dfa,dfa_float,off,off,ternary_zero_ratio,0.0,0.0,3,0.0,0.0
ucr,offline,dfa,dfa_float,off,off,test_throughput_samples_sec,47549.666901792574,8772.730913291989,3,5064.938554317282,21792.67169756612
ucr,offline,dfa,dfa_float,off,off,train_throughput_samples_sec,26300.921023166997,4319.105814683814,3,2493.6369047661783,10729.253635699699
ucr,offline,dfa,dfa_ternary_step,ternary,per_step,accuracy,0.8177083333333334,0.12629537138523064,3,0.07291666666666667,0.3137350948893638
ucr,offline,dfa,dfa_ternary_step,ternary,per_step,loss,3.572170499526635,2.783171828474802,3,1.6068650043709098,6.913782097655387
ucr,offline,dfa,dfa_ternary_step,ternary,per_step,macro_f1,0.7354973517351727,0.18629459021789105,3,0.10755723181087043,0.46278141707274145
ucr,offline,dfa,dfa_ternary_step,ternary,per_step,sample_count,64.0,0.0,3,0.0,0.0
ucr,offline,dfa,dfa_ternary_step,ternary,per_step,samples_per_step,32.0,0.0,3,0.0,0.0
ucr,offline,dfa,dfa_ternary_step,ternary,per_step,ternary_zero_ratio,0.6646616887905605,0.008042627052414379,3,0.004643412893703208,0.01997899316319732
ucr,offline,dfa,dfa_ternary_step,ternary,per_step,test_throughput_samples_sec,51097.37661837378,3135.3668073665926,3,1810.20487024132,7788.6829266425
ucr,offline,dfa,dfa_ternary_step,ternary,per_step,train_throughput_samples_sec,18415.940164510965,2849.08148260417,3,1644.9179609246958,7077.51075505273
ucr,offline,structured,structured_hadamard_float,off,off,accuracy,0.6770833333333334,0.4045436922735705,3,0.23356340963311106,1.0049422420652907
ucr,offline,structured,structured_hadamard_float,off,off,loss,1.3162757356961567,0.019428071878446865,3,0.011216802528856696,0.048262006021660954
ucr,offline,structured,structured_hadamard_float,off,off,macro_f1,0.6048807497921397,0.435952913106901,3,0.25169753173627085,1.0829670720369955
ucr,offline,structured,structured_hadamard_float,off,off,sample_count,64.0,0.0,3,0.0,0.0
ucr,offline,structured,structured_hadamard_float,off,off,samples_per_step,32.0,0.0,3,0.0,0.0
ucr,offline,structured,structured_hadamard_float,off,off,ternary_zero_ratio,0.0,0.0,3,0.0,0.0
ucr,offline,structured,structured_hadamard_float,off,off,test_throughput_samples_sec,48358.21065319391,6883.141071298192,3,3973.9833503841805,17098.670311152448
ucr,offline,structured,structured_hadamard_float,off,off,train_throughput_samples_sec,17406.319916540928,356.2726582464709,3,205.69411514350352,885.0303460488796
ucr,offline,structured,structured_orth_float,off,off,accuracy,0.7760416666666666,0.2189359328852469,3,0.12640271978657916,0.5438670073579347
ucr,offline,structured,structured_orth_float,off,off,loss,1.315832793712616,0.04444234028913128,3,0.025658797129346895,0.11040089351482399
ucr,offline,structured,structured_orth_float,off,off,macro_f1,0.6657380453411837,0.3209520367721788,3,0.18530174482737613,0.7972890582388323
ucr,offline,structured,structured_orth_float,off,off,sample_count,64.0,0.0,3,0.0,0.0
ucr,offline,structured,structured_orth_float,off,off,samples_per_step,32.0,0.0,3,0.0,0.0
ucr,offline,structured,structured_orth_float,off,off,ternary_zero_ratio,0.0,0.0,3,0.0,0.0
ucr,offline,structured,structured_orth_float,off,off,test_throughput_samples_sec,44240.03276738208,7437.7879389326245,3,4294.208868718103,18476.48951179915
ucr,offline,structured,structured_orth_float,off,off,train_throughput_samples_sec,8314.523974084384,127.092635278224,3,73.37696718990155,315.7156081922399
ucr,offline,backprop,backprop_ternary_step,ternary,per_step,accuracy,1.0,0.0,3,0.0,0.0
ucr,offline,backprop,backprop_ternary_step,ternary,per_step,loss,-9.99200218593608e-10,1.1368019010893377e-12,3,6.563328836092075e-13,2.8239724733916955e-12
ucr,offline,backprop,backprop_ternary_step,ternary,per_step,macro_f1,0.9999999994313753,0.0,3,0.0,0.0
ucr,offline,backprop,backprop_ternary_step,ternary,per_step,sample_count,64.0,0.0,3,0.0,0.0
ucr,offline,backprop,backprop_ternary_step,ternary,per_step,samples_per_step,32.0,0.0,3,0.0,0.0
ucr,offline,backprop,backprop_ternary_step,ternary,per_step,ternary_zero_ratio,0.6118408923303834,0.02946219668844727,3,0.017010007188992735,0.07318815386753
ucr,offline,backprop,backprop_ternary_step,ternary,per_step,test_throughput_samples_sec,47157.327742756235,5397.061153671048,3,3115.994709904852,13407.0431449612
ucr,offline,backprop,backprop_ternary_step,ternary,per_step,train_throughput_samples_sec,16273.086993253106,1274.6365094927937,3,735.9117318745895,3166.3726221239363
ucr,offline,backprop,backprop_float,off,off,accuracy,1.0,0.0,3,0.0,0.0
ucr,offline,backprop,backprop_float,off,off,loss,1.131070872147878,0.04850955770863183,3,0.028007006201348272,0.12050442168887314
ucr,offline,backprop,backprop_float,off,off,macro_f1,0.9999999994313753,0.0,3,0.0,0.0
ucr,offline,backprop,backprop_float,off,off,sample_count,64.0,0.0,3,0.0,0.0
ucr,offline,backprop,backprop_float,off,off,samples_per_step,32.0,0.0,3,0.0,0.0
ucr,offline,backprop,backprop_float,off,off,ternary_zero_ratio,0.0,0.0,3,0.0,0.0
ucr,offline,backprop,backprop_float,off,off,test_throughput_samples_sec,50335.9869417937,3706.203176798087,3,2139.777401795822,9206.719079239247
ucr,offline,backprop,backprop_float,off,off,train_throughput_samples_sec,30230.136834780493,1396.8363093695182,3,806.4638192283347,3469.933753377467
ucr,offline,structured,structured_hadamard_ternary,ternary,per_step,accuracy,0.796875,0.0,3,0.0,0.0
ucr,offline,structured,structured_hadamard_ternary,ternary,per_step,loss,4.209413372332865,0.0,3,0.0,0.0
ucr,offline,structured,structured_hadamard_ternary,ternary,per_step,macro_f1,0.6941438187289255,0.0073939157842509845,3,0.0042688792684027295,0.01836750503785465
ucr,offline,structured,structured_hadamard_ternary,ternary,per_step,sample_count,64.0,0.0,3,0.0,0.0
ucr,offline,structured,structured_hadamard_ternary,ternary,per_step,samples_per_step,32.0,0.0,3,0.0,0.0
ucr,offline,structured,structured_hadamard_ternary,ternary,per_step,ternary_zero_ratio,0.677152470501475,0.0020928510938619926,3,0.0012083081424150242,0.005198930327536025
ucr,offline,structured,structured_hadamard_ternary,ternary,per_step,test_throughput_samples_sec,48343.75472447719,8086.402441717529,3,4668.686626501262,20087.737258615914
ucr,offline,structured,structured_hadamard_ternary,ternary,per_step,train_throughput_samples_sec,11160.944003622644,677.67394878343,3,391.25523675291,1683.4354125069901
ucr,offline,dfa,dfa_ternary_epoch,ternary,per_epoch,accuracy,1.0,0.0,3,0.0,0.0
ucr,offline,dfa,dfa_ternary_epoch,ternary,per_epoch,loss,-1.000000082240371e-09,0.0,3,0.0,0.0
ucr,offline,dfa,dfa_ternary_epoch,ternary,per_epoch,macro_f1,0.9999999994313753,0.0,3,0.0,0.0
ucr,offline,dfa,dfa_ternary_epoch,ternary,per_epoch,sample_count,64.0,0.0,3,0.0,0.0
ucr,offline,dfa,dfa_ternary_epoch,ternary,per_epoch,samples_per_step,32.0,0.0,3,0.0,0.0
ucr,offline,dfa,dfa_ternary_epoch,ternary,per_epoch,ternary_zero_ratio,0.6372718473451328,0.009138667943505721,3,0.005276212397217632,0.022701709674480153
ucr,offline,dfa,dfa_ternary_epoch,ternary,per_epoch,test_throughput_samples_sec,49291.89229841167,1852.5926729132314,3,1069.5948784051825,4602.095323469176
ucr,offline,dfa,dfa_ternary_epoch,ternary,per_epoch,train_throughput_samples_sec,28919.14576439797,4002.2841792921176,3,2310.7198482876847,9942.225063295173
ucr,offline,structured,structured_orth_ternary,ternary,per_step,accuracy,0.796875,0.0,3,0.0,0.0
ucr,offline,structured,structured_orth_ternary,ternary,per_step,loss,4.164016759466084,0.07862940620717071,3,0.045396708839930446,0.19532627321911403
ucr,offline,structured,structured_orth_ternary,ternary,per_step,macro_f1,0.677244046054601,0.019906887056168,3,0.011493246600606072,0.04945144886164119
ucr,offline,structured,structured_orth_ternary,ternary,per_step,sample_count,64.0,0.0,3,0.0,0.0
ucr,offline,structured,structured_orth_ternary,ternary,per_step,samples_per_step,32.0,0.0,3,0.0,0.0
ucr,offline,structured,structured_orth_ternary,ternary,per_step,ternary_zero_ratio,0.6769911504424778,0.002200745857632282,3,0.001270601213321952,0.005466955779128275
ucr,offline,structured,structured_orth_ternary,ternary,per_step,test_throughput_samples_sec,42631.40211917257,4540.204078247711,3,2621.2880467521527,11278.492170241943
ucr,offline,structured,structured_orth_ternary,ternary,per_step,train_throughput_samples_sec,6929.449953883151,488.30383949858583,3,281.92235318083635,1213.013982536536
adult,real,dfa,dfa_ternary_epoch_tau005,ternary,per_epoch,accuracy,0.8021514161220044,0.040419034906699895,3,0.023335940683768066,0.10040644888806224
adult,real,dfa,dfa_ternary_epoch_tau005,ternary,per_epoch,f1,0.3859821926878963,0.29133568053263226,3,0.16820273358005805,0.7237179508167756
adult,real,dfa,dfa_ternary_epoch_tau005,ternary,per_epoch,loss,3.9587022097174547,0.8782978755935882,3,0.5070855149026346,2.1818128749942853
adult,real,dfa,dfa_ternary_epoch_tau005,ternary,per_epoch,mae,0.1977796401308589,0.04058549917670648,3,0.023432048874866822,0.10081996905886015
adult,real,dfa,dfa_ternary_epoch_tau005,ternary,per_epoch,precision,0.7713481568249452,0.08513560636137577,3,0.04915306525036232,0.21148857038297844
adult,real,dfa,dfa_ternary_epoch_tau005,ternary,per_epoch,r2,-0.056718655606512715,0.21841283053042868,3,0.1261007065012111,0.5425675490711764
adult,real,dfa,dfa_ternary_epoch_tau005,ternary,per_epoch,recall,0.3192043895746286,0.3050338713023264,3,0.17611138770835183,0.7577461430918029
adult,real,dfa,dfa_ternary_epoch_tau005,ternary,per_epoch,sample_count,9792.0,0.0,3,0.0,0.0
adult,real,dfa,dfa_ternary_epoch_tau005,ternary,per_epoch,samples_per_step,64.0,0.0,3,0.0,0.0
adult,real,dfa,dfa_ternary_epoch_tau005,ternary,per_epoch,ternary_zero_ratio,0.4453366873065015,0.0050754168144752365,3,0.002930293264086831,0.012608034312163823
adult,real,dfa,dfa_ternary_epoch_tau005,ternary,per_epoch,test_throughput_samples_sec,32489.755305729155,775.247995024183,3,447.5896386159297,1925.8227804708308
adult,real,dfa,dfa_ternary_epoch_tau005,ternary,per_epoch,train_throughput_samples_sec,19175.7052605054,208.11115920247005,3,120.15303378691115,516.9767788303749
adult,real,dfa,dfa_float,off,off,accuracy,0.8595452069716775,0.0002358456981984398,3,0.00013616557734208445,0.0005858731930708645
adult,real,dfa,dfa_float,off,off,f1,0.687849138287763,0.000752741666833177,3,0.0004345956039763824,0.0018699139618564209
adult,real,dfa,dfa_float,off,off,loss,0.32128602824699387,0.0023289471051699618,3,0.001344618238098277,0.005785425332842041
adult,real,dfa,dfa_float,off,off,mae,0.19385295609633127,0.0004021340812996731,3,0.00023217222008868913,0.0009989564365741597
adult,real,dfa,dfa_float,off,off,precision,0.7668732748887265,0.001469149995812633,3,0.0008482141455623612,0.003649570908953253
adult,real,dfa,dfa_float,off,off,r2,0.4654027136543522,0.0014357217254991434,3,0.0008289143246983245,0.0035665304820258065
adult,real,dfa,dfa_float,off,off,recall,0.6235939643344485,0.0018556583344942696,3,0.0010713648389442392,0.0046097108490143835
adult,real,dfa,dfa_float,off,off,sample_count,9792.0,0.0,3,0.0,0.0
adult,real,dfa,dfa_float,off,off,samples_per_step,64.0,0.0,3,0.0,0.0
adult,real,dfa,dfa_float,off,off,ternary_zero_ratio,0.0,0.0,3,0.0,0.0
adult,real,dfa,dfa_float,off,off,test_throughput_samples_sec,39675.825428175776,1822.0019654860157,3,1051.9333252373785,4526.103793517252
adult,real,dfa,dfa_float,off,off,train_throughput_samples_sec,23046.801243499754,499.3269700065867,3,288.286560546943,1240.3969567340364
adult,real,backprop,backprop_float,off,off,accuracy,0.8565495642701525,0.0013902898867553146,3,0.0008026842403697953,0.0034536715380838576
adult,real,backprop,backprop_float,off,off,f1,0.6847241484711524,0.002759900480784613,3,0.001593429285517574,0.006855972865252761
adult,real,backprop,backprop_float,off,off,loss,0.3236887758853389,0.004652598200240346,3,0.0026861788233399323,0.011557694647273416
adult,real,backprop,backprop_float,off,off,mae,0.20189222693443298,0.0007401205353564922,3,0.0004273087903208408,0.00183856133318905
adult,real,backprop,backprop_float,off,off,precision,0.7531323704144182,0.0038775723963983245,3,0.002238717466862835,0.009632423820297432
adult,real,backprop,backprop_float,off,off,r2,0.4612111778537484,0.003378588345591592,3,0.001950628890808238,0.008392878722079868
adult,real,backprop,backprop_float,off,off,recall,0.6277091906718953,0.0019447800931072742,3,0.0011228193102701103,0.004831101570530785
adult,real,backprop,backprop_float,off,off,sample_count,9792.0,0.0,3,0.0,0.0
adult,real,backprop,backprop_float,off,off,samples_per_step,64.0,0.0,3,0.0,0.0
adult,real,backprop,backprop_float,off,off,ternary_zero_ratio,0.0,0.0,3,0.0,0.0
adult,real,backprop,backprop_float,off,off,test_throughput_samples_sec,41361.03897083511,856.9265708138632,3,494.7467863351269,2128.7236108396637
adult,real,backprop,backprop_float,off,off,train_throughput_samples_sec,21466.37248708589,931.3735320403811,3,537.7287594396066,2313.6601147546266
adult,offline,dfa,dfa_float_lr15,off,off,accuracy,0.9088541666666666,0.03157384284630766,3,0.018229166666666668,0.07843377372234095
adult,offline,dfa,dfa_float_lr15,off,off,f1,0.9218717411023983,0.029181060153156534,3,0.016847692934663587,0.07248977199803718
adult,offline,dfa,dfa_float_lr15,off,off,loss,0.32171418766180676,0.018856997803786767,3,0.010887092758124472,0.04684337937654153
adult,offline,dfa,dfa_float_lr15,off,off,mae,0.25268081823984784,0.01480993907959422,3,0.008550522314285682,0.03678992817772856
adult,offline,dfa,dfa_float_lr15,off,off,precision,0.9857501547501929,0.0008314234068998811,3,0.0004800225277842021,0.002065370239589608
adult,offline,dfa,dfa_float_lr15,off,off,r2,0.6090997484125525,0.028398727452743237,3,0.016396012939484124,0.07054634983373195
adult,offline,dfa,dfa_float_lr15,off,off,recall,0.8666666666558333,0.05051814855346077,3,0.02916666666630208,0.12549403795417682
adult,offline,dfa,dfa_float_lr15,off,off,sample_count,128.0,0.0,3,0.0,0.0
adult,offline,dfa,dfa_float_lr15,off,off,samples_per_step,64.0,0.0,3,0.0,0.0
adult,offline,dfa,dfa_float_lr15,off,off,ternary_zero_ratio,0.0,0.0,3,0.0,0.0
adult,offline,dfa,dfa_float_lr15,off,off,test_throughput_samples_sec,16535.019389734254,939.4538274542022,3,542.3939201719079,2333.7326813149375
adult,offline,dfa,dfa_float_lr15,off,off,train_throughput_samples_sec,6897.203680475172,385.6869739365718,3,222.67647822521192,958.0995569227366
adult,offline,backprop,backprop_float_lr06,off,off,accuracy,0.5859375,0.16810495930742198,3,0.09705544350825117,0.4175958689635264
adult,offline,backprop,backprop_float_lr06,off,off,f1,0.5348608844234,0.3494500389496077,3,0.20175507405588122,0.8680820201599887
adult,offline,backprop,backprop_float_lr06,off,off,loss,0.6908501187960306,0.0027444923323583894,3,0.00158453338687598,0.006817696902677493
adult,offline,backprop,backprop_float_lr06,off,off,mae,0.4988071024417877,0.0013559038322455558,3,0.0007828314425422168,0.0033682518433146504
adult,offline,backprop,backprop_float_lr06,off,off,precision,0.8268939393320816,0.16891858472238622,3,0.0975251903606003,0.4196170265401536
adult,offline,backprop,backprop_float_lr06,off,off,r2,-0.06176795955933434,0.0058554916665794704,3,0.0033806696899372677,0.014545847670336887
adult,offline,backprop,backprop_float_lr06,off,off,recall,0.5083333333269792,0.38044655778402675,3,0.21965092254887436,0.9450816415324442
adult,offline,backprop,backprop_float_lr06,off,off,sample_count,128.0,0.0,3,0.0,0.0
adult,offline,backprop,backprop_float_lr06,off,off,samples_per_step,64.0,0.0,3,0.0,0.0
adult,offline,backprop,backprop_float_lr06,off,off,ternary_zero_ratio,0.0,0.0,3,0.0,0.0
adult,offline,backprop,backprop_float_lr06,off,off,test_throughput_samples_sec,16509.873031629988,973.751151611682,3,562.1954895067126,2418.9319576698626
adult,offline,backprop,backprop_float_lr06,off,off,train_throughput_samples_sec,7049.794725877474,278.35646331721165,3,160.70917902686435,691.4757878617377
adult,offline,ternary_dfa,ternary_dfa_step,ternary,per_step,accuracy,0.5520833333333334,0.12010263080833547,3,0.06934128622757472,0.29835147448263344
adult,offline,ternary_dfa,ternary_dfa_step,ternary,per_step,f1,0.5935706139267105,0.19455768260494893,3,0.11232793042487704,0.48330807648788093
adult,offline,ternary_dfa,ternary_dfa_step,ternary,per_step,loss,7.277314925327507,1.0542724780344899,3,0.6086844989924266,2.618958021244441
adult,offline,ternary_dfa,ternary_dfa_step,ternary,per_step,mae,0.4549001398199987,0.12397065808453855,3,0.0715744928167234,0.30796018690988985
adult,offline,ternary_dfa,ternary_dfa_step,ternary,per_step,precision,0.6488323100894892,0.08415197732790737,3,0.048585166763106605,0.20904510040647517
adult,offline,ternary_dfa,ternary_dfa_step,ternary,per_step,r2,-0.8996272349417812,0.4878632793634831,3,0.2816679956682406,1.2119195704905925
adult,offline,ternary_dfa,ternary_dfa_step,ternary,per_step,recall,0.579166666659427,0.27566208178027235,3,0.1591535771212129,0.6847825730757312
adult,offline,ternary_dfa,ternary_dfa_step,ternary,per_step,sample_count,128.0,0.0,3,0.0,0.0
adult,offline,ternary_dfa,ternary_dfa_step,ternary,per_step,samples_per_step,64.0,0.0,3,0.0,0.0
adult,offline,ternary_dfa,ternary_dfa_step,ternary,per_step,ternary_zero_ratio,0.6799948240165632,0.006219009929656227,3,0.0035905470569799784,0.015448877096589797
adult,offline,ternary_dfa,ternary_dfa_step,ternary,per_step,test_throughput_samples_sec,14710.629360037534,1533.1334286946094,3,885.1549977604467,3808.514567508594
adult,offline,ternary_dfa,ternary_dfa_step,ternary,per_step,train_throughput_samples_sec,5437.133406666205,380.1660119436604,3,219.48894933241883,944.3847270304893
adult,offline,dfa,dfa_ternary_epoch_tau010,ternary,per_epoch,accuracy,0.5598958333333334,0.059668954361404174,3,0.034449886862820196,0.14822589975544787
adult,offline,dfa,dfa_ternary_epoch_tau010,ternary,per_epoch,f1,0.6299450810950663,0.17578698524822278,3,0.10149066325309421,0.4366790793064317
adult,offline,dfa,dfa_ternary_epoch_tau010,ternary,per_epoch,loss,0.8439171875536736,0.24294545665448808,3,0.14026462479786525,0.6035099707965156
adult,offline,dfa,dfa_ternary_epoch_tau010,ternary,per_epoch,mae,0.4744394029562131,0.06318140252191698,3,0.03647779975380687,0.15695130469187396
adult,offline,dfa,dfa_ternary_epoch_tau010,ternary,per_epoch,precision,0.6676557110857347,0.09287288761040832,3,0.05362018666228711,0.23070904252084173
adult,offline,dfa,dfa_ternary_epoch_tau010,ternary,per_epoch,r2,-0.21905076508204413,0.35204706885554565,3,0.203254469971168,0.8745334000881152
adult,offline,dfa,dfa_ternary_epoch_tau010,ternary,per_epoch,recall,0.69999999999125,0.360555127541892,3,0.2081665999440112,0.895668589525448
adult,offline,dfa,dfa_ternary_epoch_tau010,ternary,per_epoch,sample_count,128.0,0.0,3,0.0,0.0
adult,offline,dfa,dfa_ternary_epoch_tau010,ternary,per_epoch,samples_per_step,64.0,0.0,3,0.0,0.0
adult,offline,dfa,dfa_ternary_epoch_tau010,ternary,per_epoch,ternary_zero_ratio,0.9553247929606625,0.001472897572183266,3,0.0008503778097887549,0.0036588804047435566
adult,offline,dfa,dfa_ternary_epoch_tau010,ternary,per_epoch,test_throughput_samples_sec,14601.506024904766,1297.4506468819168,3,749.0834802375288,3223.0460811754415
adult,offline,dfa,dfa_ternary_epoch_tau010,ternary,per_epoch,train_throughput_samples_sec,5919.956241265347,186.8185369978615,3,107.8597326253274,464.0829730278651
adult,offline,structured,structured_hadamard_float_clip1,off,off,accuracy,0.5625,0.1484375,3,0.08570043058283508,0.36873919160180707
adult,offline,structured,structured_hadamard_float_clip1,off,off,f1,0.5263415831659782,0.34131956031880223,3,0.1970609400297452,0.8478847915778651
adult,offline,structured,structured_hadamard_float_clip1,off,off,loss,0.6918963293234507,0.0025931930018302076,3,0.001497180677667324,0.006441848529935724
adult,offline,structured,structured_hadamard_float_clip1,off,off,mae,0.4993373552958171,0.0012832287591297616,3,0.0007408724695154373,0.003187716953476704
adult,offline,structured,structured_hadamard_float_clip1,off,off,precision,0.7479347258356411,0.10880623837856107,3,0.06281931101737283,0.2702896800400446
adult,offline,structured,structured_hadamard_float_clip1,off,off,r2,-0.06399921837544913,0.005532241331197146,3,0.0031940410217886463,0.013742849321847515
adult,offline,structured,structured_hadamard_float_clip1,off,off,recall,0.5249999999934375,0.39469133509123994,3,0.22787514856174018,0.9804676300381087
adult,offline,structured,structured_hadamard_float_clip1,off,off,sample_count,128.0,0.0,3,0.0,0.0
adult,offline,structured,structured_hadamard_float_clip1,off,off,samples_per_step,64.0,0.0,3,0.0,0.0
adult,offline,structured,structured_hadamard_float_clip1,off,off,ternary_zero_ratio,0.0,0.0,3,0.0,0.0
adult,offline,structured,structured_hadamard_float_clip1,off,off,test_throughput_samples_sec,16474.37409138273,1216.3021822359929,3,702.2323923298798,3021.4621198902823
adult,offline,structured,structured_hadamard_float_clip1,off,off,train_throughput_samples_sec,4388.218943638317,382.47471633078897,3,220.82188043180676,950.1198666640545
adult,offline,dfa,dfa_ternary_epoch_tau005,ternary,per_epoch,accuracy,0.64375,0.0891789260945376,5,0.03988202818156318,0.11073026193006176
adult,offline,dfa,dfa_ternary_epoch_tau005,ternary,per_epoch,f1,0.6717541869241248,0.15640240509891515,5,0.0699452819291268,0.19419923564380415
adult,offline,dfa,dfa_ternary_epoch_tau005,ternary,per_epoch,loss,4.960210310383334,2.44322074275841,5,1.0926415329690664,3.0336592359477836
adult,offline,dfa,dfa_ternary_epoch_tau005,ternary,per_epoch,mae,0.3500805826117034,0.09216337810352888,5,0.04121671569510125,0.11443594854399315
adult,offline,dfa,dfa_ternary_epoch_tau005,ternary,per_epoch,precision,0.768143224326425,0.06422189393461857,5,0.02872090409631771,0.07974201359507671
adult,offline,dfa,dfa_ternary_epoch_tau005,ternary,per_epoch,r2,-0.4158188950536748,0.40904696066647406,5,0.18293136200798374,0.507898884634233
adult,offline,dfa,dfa_ternary_epoch_tau005,ternary,per_epoch,recall,0.639999999992,0.21980104640058512,5,0.09829801625545875,0.2729190460831221
adult,offline,dfa,dfa_ternary_epoch_tau005,ternary,per_epoch,sample_count,128.0,0.0,5,0.0,0.0
adult,offline,dfa,dfa_ternary_epoch_tau005,ternary,per_epoch,samples_per_step,64.0,0.0,5,0.0,0.0
adult,offline,dfa,dfa_ternary_epoch_tau005,ternary,per_epoch,ternary_zero_ratio,0.6706909937888199,0.007178200749226801,5,0.0032101889662822097,0.008912913442194222
adult,offline,dfa,dfa_ternary_epoch_tau005,ternary,per_epoch,test_throughput_samples_sec,37884.16880149897,2399.470720771367,5,1073.0759283330385,2979.3364087258487
adult,offline,dfa,dfa_ternary_epoch_tau005,ternary,per_epoch,train_throughput_samples_sec,27990.41268990793,3165.2696227018782,5,1415.551608695302,3930.201335116941
adult,offline,dfa,dfa_ternary_epoch_tau002,ternary,per_epoch,accuracy,0.5130208333333334,0.09418302770846419,3,0.05437659640057579,0.233963610946221
adult,offline,dfa,dfa_ternary_epoch_tau002,ternary,per_epoch,f1,0.5005695727866718,0.2812624234734483,3,0.1623869359053219,0.6986945930749605
adult,offline,dfa,dfa_ternary_epoch_tau002,ternary,per_epoch,loss,9.016908715380746,1.8277419338399936,3,1.0552472975116876,4.540362665370157
adult,offline,dfa,dfa_ternary_epoch_tau002,ternary,per_epoch,mae,0.48272880522389566,0.09380046554743611,3,0.054155724033924456,0.23301327385488668
adult,offline,dfa,dfa_ternary_epoch_tau002,ternary,per_epoch,precision,0.6739541533789729,0.06904681552944236,3,0.03986419753260998,0.17152179833940664
adult,offline,dfa,dfa_ternary_epoch_tau002,ternary,per_epoch,r2,-1.0430105860402195,0.4042710313645715,3,0.233405988783903,1.0042649148187006
adult,offline,dfa,dfa_ternary_epoch_tau002,ternary,per_epoch,recall,0.4916666666605208,0.34285869294855936,3,0.197949558667854,0.851708208986974
adult,offline,dfa,dfa_ternary_epoch_tau002,ternary,per_epoch,sample_count,128.0,0.0,3,0.0,0.0
adult,offline,dfa,dfa_ternary_epoch_tau002,ternary,per_epoch,samples_per_step,64.0,0.0,3,0.0,0.0
adult,offline,dfa,dfa_ternary_epoch_tau002,ternary,per_epoch,ternary_zero_ratio,0.26481625258799174,0.015113080870451105,3,0.00872554130883953,0.037542974132432
adult,offline,dfa,dfa_ternary_epoch_tau002,ternary,per_epoch,test_throughput_samples_sec,15295.442169201897,628.2294425129495,3,362.7084377476999,1560.6084498369946
adult,offline,dfa,dfa_ternary_epoch_tau002,ternary,per_epoch,train_throughput_samples_sec,6093.487369144724,876.5818623484352,3,506.0947741936125,2177.550061777977
adult,offline,backprop,backprop_float_lr15,off,off,accuracy,0.59375,0.16627966135775596,3,0.09600160724566022,0.4130615774914099
adult,offline,backprop,backprop_float_lr15,off,off,f1,0.5079433229465843,0.34261937519629015,3,0.19781138849915952,0.8511137107334484
adult,offline,backprop,backprop_float_lr15,off,off,loss,0.6888910631338755,0.003169544693273041,3,0.00182993748186974,0.0078735855019338
adult,offline,backprop,backprop_float_lr15,off,off,mae,0.49779248237609863,0.0015623826234696582,3,0.000902042028237401,0.0038811735952903564
adult,offline,backprop,backprop_float_lr15,off,off,precision,0.8993316624128788,0.10772813017684586,3,0.06219686495689701,0.2676115107987158
adult,offline,backprop,backprop_float_lr15,off,off,r2,-0.05759190449898092,0.006763544718463062,3,0.003904934363880721,0.01680157650087573
adult,offline,backprop,backprop_float_lr15,off,off,recall,0.4208333333280729,0.3143279868717758,3,0.18147734783425293,0.7808340060761063
adult,offline,backprop,backprop_float_lr15,off,off,sample_count,128.0,0.0,3,0.0,0.0
adult,offline,backprop,backprop_float_lr15,off,off,samples_per_step,64.0,0.0,3,0.0,0.0
adult,offline,backprop,backprop_float_lr15,off,off,ternary_zero_ratio,0.0,0.0,3,0.0,0.0
adult,offline,backprop,backprop_float_lr15,off,off,test_throughput_samples_sec,14551.954494325679,4634.5867150002205,3,2675.779887488041,11512.951637542103
adult,offline,backprop,backprop_float_lr15,off,off,train_throughput_samples_sec,5780.48510475664,1148.982113822586,3,663.3651327095353,2854.2297991806367
adult,offline,dfa,dfa_float,off,off,accuracy,0.5328125,0.11500573185443846,5,0.05143212684572747,0.14279847683073232
adult,offline,dfa,dfa_float,off,off,f1,0.4819351296765739,0.2533728787820076,5,0.11331179612227661,0.3146039817048658
adult,offline,dfa,dfa_float,off,off,loss,0.691992598772049,0.003123678993020141,5,0.0013969517136562253,0.0038785597475785036
adult,offline,dfa,dfa_float,off,off,mae,0.4993753910064697,0.0015383388199434714,5,0.0006879660347640822,0.0019100999297630746
adult,offline,dfa,dfa_float,off,off,precision,0.8247021037614516,0.18843525128063376,5,0.08427080624415027,0.2339732675076431
adult,offline,dfa,dfa_float,off,off,r2,-0.06420436855583511,0.006663237854604173,5,0.002979890558628958,0.008273502555530504
adult,offline,dfa,dfa_float,off,off,recall,0.41249999999484366,0.25571590681528833,5,0.11435963011339728,0.3175132352605727
adult,offline,dfa,dfa_float,off,off,sample_count,128.0,0.0,5,0.0,0.0
adult,offline,dfa,dfa_float,off,off,samples_per_step,64.0,0.0,5,0.0,0.0
adult,offline,dfa,dfa_float,off,off,ternary_zero_ratio,0.0,0.0,5,0.0,0.0
adult,offline,dfa,dfa_float,off,off,test_throughput_samples_sec,43760.90105273675,3643.5669102153083,5,1629.4526583620604,4524.085857460884
adult,offline,dfa,dfa_float,off,off,train_throughput_samples_sec,30491.091490561404,1935.6988510103424,5,865.6708429654726,2403.4875746639386
adult,offline,dfa,dfa_float_lr06,off,off,accuracy,0.5390625,0.19184420559076054,3,0.11076130374029551,0.47656742590671436
adult,offline,dfa,dfa_float_lr06,off,off,f1,0.3765809870922321,0.41036785473963316,3,0.23692599140069645,1.0194102636871418
adult,offline,dfa,dfa_float_lr06,off,off,loss,0.685280034939448,0.005265373949071204,3,0.0030399650668803025,0.013079913993847444
adult,offline,dfa,dfa_float_lr06,off,off,mae,0.49578680594762164,0.0027245169891679725,3,0.0015730006171078377,0.006768075399351157
adult,offline,dfa,dfa_float_lr06,off,off,precision,0.5869565217141514,0.5221918325576618,3,0.30148759509579004,1.297196424073286
adult,offline,dfa,dfa_float_lr06,off,off,r2,-0.04993300964246535,0.011196137976382876,3,0.006464093274548845,0.0278127485741387
adult,offline,dfa,dfa_float_lr06,off,off,recall,0.35416666666223956,0.4606946747337409,3,0.2659821944717524,1.1444290151516772
adult,offline,dfa,dfa_float_lr06,off,off,sample_count,128.0,0.0,3,0.0,0.0
adult,offline,dfa,dfa_float_lr06,off,off,samples_per_step,64.0,0.0,3,0.0,0.0
adult,offline,dfa,dfa_float_lr06,off,off,ternary_zero_ratio,0.0,0.0,3,0.0,0.0
adult,offline,dfa,dfa_float_lr06,off,off,test_throughput_samples_sec,13714.584046100068,2089.2448932414095,3,1206.2261015159788,5189.97202857796
adult,offline,dfa,dfa_float_lr06,off,off,train_throughput_samples_sec,7155.283356106269,195.5314433167688,3,112.89013143397251,485.72703219442445
adult,offline,dfa,dfa_ternary_step,ternary,per_step,accuracy,0.5338541666666666,0.06551950846567253,3,0.037827705849828,0.16275948184104316
adult,offline,dfa,dfa_ternary_step,ternary,per_step,f1,0.5983814172784506,0.1101661611366292,3,0.06360446278782056,0.27366791544855623
adult,offline,dfa,dfa_ternary_step,ternary,per_step,loss,7.000625418727388,0.8430354003056124,3,0.4867267153028293,2.0942160303184663
adult,offline,dfa,dfa_ternary_step,ternary,per_step,mae,0.469117585671083,0.07283541759462592,3,0.04205154795479608,0.18093320760469822
adult,offline,dfa,dfa_ternary_step,ternary,per_step,precision,0.6375738517154563,0.014791960551695243,3,0.008540142406363574,0.03674526703857127
adult,offline,dfa,dfa_ternary_step,ternary,per_step,r2,-0.9351993970796295,0.28999406546723205,3,0.1674281517609004,0.7203851942380373
adult,offline,dfa,dfa_ternary_step,ternary,per_step,recall,0.5833333333260416,0.20322913996841294,3,0.11733439866793935,0.504849170741107
adult,offline,dfa,dfa_ternary_step,ternary,per_step,sample_count,128.0,0.0,3,0.0,0.0
adult,offline,dfa,dfa_ternary_step,ternary,per_step,samples_per_step,64.0,0.0,3,0.0,0.0
adult,offline,dfa,dfa_ternary_step,ternary,per_step,ternary_zero_ratio,0.6798007246376812,0.006819309069874738,3,0.003937129927179437,0.016940102829193983
adult,offline,dfa,dfa_ternary_step,ternary,per_step,test_throughput_samples_sec,16215.488811397909,246.50720273203876,3,142.32099985452425,612.3578385477708
adult,offline,dfa,dfa_ternary_step,ternary,per_step,train_throughput_samples_sec,5738.119114877209,117.94485664329407,3,68.09549473253766,292.991266305612
adult,offline,structured,structured_hadamard_float,off,off,accuracy,0.5625,0.1484375,3,0.08570043058283508,0.36873919160180707
adult,offline,structured,structured_hadamard_float,off,off,f1,0.5263415831659782,0.34131956031880223,3,0.1970609400297452,0.8478847915778651
adult,offline,structured,structured_hadamard_float,off,off,loss,0.6918963293234507,0.0025931930018302076,3,0.001497180677667324,0.006441848529935724
adult,offline,structured,structured_hadamard_float,off,off,mae,0.4993373552958171,0.0012832287591297616,3,0.0007408724695154373,0.003187716953476704
adult,offline,structured,structured_hadamard_float,off,off,precision,0.7479347258356411,0.10880623837856107,3,0.06281931101737283,0.2702896800400446
adult,offline,structured,structured_hadamard_float,off,off,r2,-0.06399921837544913,0.005532241331197146,3,0.0031940410217886463,0.013742849321847515
adult,offline,structured,structured_hadamard_float,off,off,recall,0.5249999999934375,0.39469133509123994,3,0.22787514856174018,0.9804676300381087
adult,offline,structured,structured_hadamard_float,off,off,sample_count,128.0,0.0,3,0.0,0.0
adult,offline,structured,structured_hadamard_float,off,off,samples_per_step,64.0,0.0,3,0.0,0.0
adult,offline,structured,structured_hadamard_float,off,off,ternary_zero_ratio,0.0,0.0,3,0.0,0.0
adult,offline,structured,structured_hadamard_float,off,off,test_throughput_samples_sec,16710.328296006322,616.3127983462294,3,355.82836003020714,1531.0058646638226
adult,offline,structured,structured_hadamard_float,off,off,train_throughput_samples_sec,4548.95479317929,378.8140577728954,3,218.70839822799562,941.0262866902075
adult,offline,dfa,dfa_float_lr10,off,off,accuracy,0.8229166666666666,0.0369204345800985,3,0.021316022843417836,0.09171544387808285
adult,offline,dfa,dfa_float_lr10,off,off,f1,0.8364138238461557,0.040103820174152226,3,0.023153951373079133,0.09962341208361183
adult,offline,dfa,dfa_float_lr10,off,off,loss,0.5466471513112386,0.019034986458450903,3,0.01098985455580751,0.04728552770587304
adult,offline,dfa,dfa_float_lr10,off,off,mae,0.41246297955513,0.012216168197104513,3,0.007053007997064036,0.03034664411265363
adult,offline,dfa,dfa_float_lr10,off,off,precision,0.9830716743118645,0.0014015155983249609,3,0.0008091654079663756,0.003481557751536296
adult,offline,dfa,dfa_float_lr10,off,off,r2,0.22760429384898873,0.03704905040162315,3,0.02139027922259714,0.09203494329067201
adult,offline,dfa,dfa_float_lr10,off,off,recall,0.729166666657552,0.059072695327419183,3,0.034105636549042216,0.14674471020309823
adult,offline,dfa,dfa_float_lr10,off,off,sample_count,128.0,0.0,3,0.0,0.0
adult,offline,dfa,dfa_float_lr10,off,off,samples_per_step,64.0,0.0,3,0.0,0.0
adult,offline,dfa,dfa_float_lr10,off,off,ternary_zero_ratio,0.0,0.0,3,0.0,0.0
adult,offline,dfa,dfa_float_lr10,off,off,test_throughput_samples_sec,15613.273251715378,832.0295204082057,3,480.3724675813928,2066.875909013295
adult,offline,dfa,dfa_float_lr10,off,off,train_throughput_samples_sec,7273.5395297464465,198.770622748923,3,114.76027255108025,493.77359997726734
adult,offline,structured,structured_orth_float,off,off,accuracy,0.5598958333333334,0.15236044246156327,3,0.08796534246903405,0.37848432091196954
adult,offline,structured,structured_orth_float,off,off,f1,0.5191242616004189,0.35364553289860945,3,0.20417734361672082,0.8785042048985162
adult,offline,structured,structured_orth_float,off,off,loss,0.6919373373190562,0.0026343192457697505,3,0.0015209249256765774,0.0065440117834524286
adult,offline,structured,structured_orth_float,off,off,mae,0.49935750166575116,0.0013033432447458915,3,0.0007524855732005208,0.0032376841057500712
adult,offline,structured,structured_orth_float,off,off,precision,0.7399982178936533,0.09709566614220888,3,0.056058208984350336,0.2411990059204517
adult,offline,structured,structured_orth_float,off,off,r2,-0.06408665971387939,0.005620001208273985,3,0.0032447092104430078,0.013960856942080864
adult,offline,structured,structured_orth_float,off,off,recall,0.5208333333268228,0.40181878170301705,3,0.23199018178168437,0.9981731889555772
adult,offline,structured,structured_orth_float,off,off,sample_count,128.0,0.0,3,0.0,0.0
adult,offline,structured,structured_orth_float,off,off,samples_per_step,64.0,0.0,3,0.0,0.0
adult,offline,structured,structured_orth_float,off,off,ternary_zero_ratio,0.0,0.0,3,0.0,0.0
adult,offline,structured,structured_orth_float,off,off,test_throughput_samples_sec,16897.001888595714,666.4320352571999,3,384.76471495233454,1655.5089511631957
adult,offline,structured,structured_orth_float,off,off,train_throughput_samples_sec,5426.91103799874,646.5914262459463,3,373.30973399880116,1606.2221460923936
adult,offline,backprop,backprop_ternary_step,ternary,per_step,accuracy,0.5338541666666666,0.1308059203632746,3,0.07552083333333334,0.3249399197068411
adult,offline,backprop,backprop_ternary_step,ternary,per_step,f1,0.5457544173751087,0.19858486086810911,3,0.11465302287918719,0.4933121418837146
adult,offline,backprop,backprop_ternary_step,ternary,per_step,loss,7.251294251050269,1.515807611807755,3,0.8751519327168912,3.76547485239146
adult,offline,backprop,backprop_ternary_step,ternary,per_step,mae,0.46546767336039707,0.11784324978009668,3,0.06803683198271913,0.2927388608649612
adult,offline,backprop,backprop_ternary_step,ternary,per_step,precision,0.6675479827523594,0.1563353998250256,3,0.0902602851728463,0.3883586624015173
adult,offline,backprop,backprop_ternary_step,ternary,per_step,r2,-0.9187859913538748,0.48409259855348663,3,0.27949099208756095,1.2025526800911546
adult,offline,backprop,backprop_ternary_step,ternary,per_step,recall,0.4916666666605209,0.262896525902503,3,0.15178337999882754,0.6530711743071157
adult,offline,backprop,backprop_ternary_step,ternary,per_step,sample_count,128.0,0.0,3,0.0,0.0
adult,offline,backprop,backprop_ternary_step,ternary,per_step,samples_per_step,64.0,0.0,3,0.0,0.0
adult,offline,backprop,backprop_ternary_step,ternary,per_step,ternary_zero_ratio,0.6801242236024844,0.006615771338180995,3,0.0038196173629958083,0.01643448707411042
adult,offline,backprop,backprop_ternary_step,ternary,per_step,test_throughput_samples_sec,12270.150622629488,2279.073606572478,3,1315.8237602575916,5661.532694154445
adult,offline,backprop,backprop_ternary_step,ternary,per_step,train_throughput_samples_sec,4282.654554089965,1064.4824667498285,3,614.5792387256504,2644.3210392497126
adult,offline,backprop,backprop_float,off,off,accuracy,0.5421875,0.10606026257215753,5,0.047431591364564187,0.1316912096758864
adult,offline,backprop,backprop_float,off,off,f1,0.49444098578589346,0.2482679167574478,5,0.11102878770038249,0.30826533414677254
adult,offline,backprop,backprop_float,off,off,loss,0.6914521634578705,0.001971318210263478,5,0.0008816003046864721,0.0024477148506876433
adult,offline,backprop,backprop_float,off,off,mae,0.4991225183010101,0.0009786256465867662,5,0.0004376546940585388,0.0012151242330856703
adult,offline,backprop,backprop_float,off,off,precision,0.7677927170477,0.11106847086326468,5,0.04967133020144292,0.13790972160645978
adult,offline,backprop,backprop_float,off,off,r2,-0.06305149074825636,0.0042055636699591375,5,0.0018807852499464243,0.005221897001141968
adult,offline,backprop,backprop_float,off,off,recall,0.44249999999446865,0.29851193443105795,5,0.1334985954965611,0.37065152201720797
adult,offline,backprop,backprop_float,off,off,sample_count,128.0,0.0,5,0.0,0.0
adult,offline,backprop,backprop_float,off,off,samples_per_step,64.0,0.0,5,0.0,0.0
adult,offline,backprop,backprop_float,off,off,ternary_zero_ratio,0.0,0.0,5,0.0,0.0
adult,offline,backprop,backprop_float,off,off,test_throughput_samples_sec,50088.43070200629,6370.631475218344,5,2849.0330076375967,7910.183748602368
adult,offline,backprop,backprop_float,off,off,train_throughput_samples_sec,28740.564722777734,2570.071547142075,5,1149.3709372895469,3191.1653128941684
adult,offline,dfa,dfa_float_clip1,off,off,accuracy,0.5208333333333334,0.10664372515335037,3,0.0615707834246713,0.26491769938493787
adult,offline,dfa,dfa_float_clip1,off,off,f1,0.49656681103594513,0.32974293732770316,3,0.19037717362952733,0.8191268658298785
adult,offline,dfa,dfa_float_clip1,off,off,loss,0.6925506194432577,0.0016143018067835309,3,0.0009320175826997709,0.004010147996528476
adult,offline,dfa,dfa_float_clip1,off,off,mae,0.49966447552045185,0.0007870522602473177,3,0.0004544048343200923,0.0019551462008722256
adult,offline,dfa,dfa_float_clip1,off,off,precision,0.707248960139124,0.11566365870855931,3,0.06677844449084372,0.28732445648775723
adult,offline,dfa,dfa_float_clip1,off,off,r2,-0.0653947194062187,0.003444227049242473,3,0.0019885254140303323,0.008555934301175556
adult,offline,dfa,dfa_float_clip1,off,off,recall,0.5124999999935937,0.3899118490071816,3,0.22511571098452104,0.9685947284134669
adult,offline,dfa,dfa_float_clip1,off,off,sample_count,128.0,0.0,3,0.0,0.0
adult,offline,dfa,dfa_float_clip1,off,off,samples_per_step,64.0,0.0,3,0.0,0.0
adult,offline,dfa,dfa_float_clip1,off,off,ternary_zero_ratio,0.0,0.0,3,0.0,0.0
adult,offline,dfa,dfa_float_clip1,off,off,test_throughput_samples_sec,15734.68564489464,1942.1155349711241,3,1121.2809269129327,4824.482441179374
adult,offline,dfa,dfa_float_clip1,off,off,train_throughput_samples_sec,6356.789119138797,138.07232370996468,3,79.71609326158526,342.99066628982155
adult,offline,structured,structured_hadamard_ternary,ternary,per_step,accuracy,0.5364583333333334,0.11303403340734743,3,0.06526022961532119,0.2807921051089983
adult,offline,structured,structured_hadamard_ternary,ternary,per_step,f1,0.5622576274180625,0.15704787099519665,3,0.09067163059473442,0.39012853890394067
adult,offline,structured,structured_hadamard_ternary,ternary,per_step,loss,6.944183758273158,0.7876610077406736,3,0.45475629484924984,1.9566584134774614
adult,offline,structured,structured_hadamard_ternary,ternary,per_step,mae,0.4693598050903182,0.10873021853952175,3,0.06277542094283972,0.2701008362910387
adult,offline,structured,structured_hadamard_ternary,ternary,per_step,precision,0.6749011857582121,0.13773512630958692,3,0.07952141225170713,0.3421530215112076
adult,offline,structured,structured_hadamard_ternary,ternary,per_step,r2,-0.9300670815763409,0.438247286662775,3,0.25302218892637623,1.088666611912199
adult,offline,structured,structured_hadamard_ternary,ternary,per_step,recall,0.5083333333269792,0.230601568364146,3,0.1331378775705896,0.5728460523836904
adult,offline,structured,structured_hadamard_ternary,ternary,per_step,sample_count,128.0,0.0,3,0.0,0.0
adult,offline,structured,structured_hadamard_ternary,ternary,per_step,samples_per_step,64.0,0.0,3,0.0,0.0
adult,offline,structured,structured_hadamard_ternary,ternary,per_step,ternary_zero_ratio,0.6802212732919255,0.006363973723119211,3,0.003674241942158582,0.015808987122783127
adult,offline,structured,structured_hadamard_ternary,ternary,per_step,test_throughput_samples_sec,12857.224025477006,1981.393021142872,3,1143.957794127283,4922.053125805034
adult,offline,structured,structured_hadamard_ternary,ternary,per_step,train_throughput_samples_sec,3639.7206877139483,319.5973180067176,3,184.51959758346086,793.9237502646077
adult,offline,backprop,backprop_float_lr10,off,off,accuracy,0.5833333333333334,0.1641244922561326,3,0.0947573197846888,0.40770784065066695
adult,offline,backprop,backprop_float_lr10,off,off,f1,0.5226763079156842,0.33726292114620793,3,0.19471883831144268,0.837807541225881
adult,offline,backprop,backprop_float_lr10,off,off,loss,0.6900424460570017,0.002901930808525743,3,0.001675430533472006,0.00720879575862003
adult,offline,backprop,backprop_float_lr10,off,off,mae,0.49839144945144653,0.0014305769003867324,3,0.0008259439585347405,0.003553750027943226
adult,offline,backprop,backprop_float_lr10,off,off,precision,0.8527164685275638,0.1671469318723826,3,0.09650232611074014,0.41521599688316413
adult,offline,backprop,backprop_float_lr10,off,off,r2,-0.060045941635400814,0.006191856735398372,3,0.003574870152965848,0.015381424822736842
adult,offline,backprop,backprop_float_lr10,off,off,recall,0.4666666666608333,0.3401133389481239,3,0.1963645277966818,0.8448883715821313
adult,offline,backprop,backprop_float_lr10,off,off,sample_count,128.0,0.0,3,0.0,0.0
adult,offline,backprop,backprop_float_lr10,off,off,samples_per_step,64.0,0.0,3,0.0,0.0
adult,offline,backprop,backprop_float_lr10,off,off,ternary_zero_ratio,0.0,0.0,3,0.0,0.0
adult,offline,backprop,backprop_float_lr10,off,off,test_throughput_samples_sec,13733.873153789296,2469.2006435331296,3,1425.5936562270497,6133.834436709511
adult,offline,backprop,backprop_float_lr10,off,off,train_throughput_samples_sec,6000.00810453864,1650.4264971551374,3,952.8741824102098,4099.886702209263
adult,offline,dfa,dfa_ternary_epoch,ternary,per_epoch,accuracy,0.609375,0.09210801658243434,3,0.05317858816839098,0.22880899755555487
adult,offline,dfa,dfa_ternary_epoch,ternary,per_epoch,f1,0.6170578649028307,0.18797814177560027,3,0.10852923075590845,0.4669635909870802
adult,offline,dfa,dfa_ternary_epoch,ternary,per_epoch,loss,6.308176042207802,2.206139641125341,3,1.27371531567362,5.480354680112902
adult,offline,dfa,dfa_ternary_epoch,ternary,per_epoch,mae,0.38633896364239045,0.0976107371042051,3,0.056355585342910616,0.24247851312142218
adult,offline,dfa,dfa_ternary_epoch,ternary,per_epoch,precision,0.7747829947652433,0.0830263394362848,3,0.047935279423368275,0.20624886087001526
adult,offline,dfa,dfa_ternary_epoch,ternary,per_epoch,r2,-0.5807008023989202,0.4422883492016877,3,0.2553552974710296,1.098705167761031
adult,offline,dfa,dfa_ternary_epoch,ternary,per_epoch,recall,0.5666666666595833,0.2693549393115328,3,0.1555121467190688,0.669114762615164
adult,offline,dfa,dfa_ternary_epoch,ternary,per_epoch,sample_count,128.0,0.0,3,0.0,0.0
adult,offline,dfa,dfa_ternary_epoch,ternary,per_epoch,samples_per_step,64.0,0.0,3,0.0,0.0
adult,offline,dfa,dfa_ternary_epoch,ternary,per_epoch,ternary_zero_ratio,0.6687370600414079,0.009407481164057794,3,0.005431411782465102,0.023369478733095733
adult,offline,dfa,dfa_ternary_epoch,ternary,per_epoch,test_throughput_samples_sec,12622.796774874674,1864.7067778577318,3,1076.5889601558813,4632.188428407043
adult,offline,dfa,dfa_ternary_epoch,ternary,per_epoch,train_throughput_samples_sec,6000.346872956224,162.71204680751148,3,93.94184402471174,404.19913164582516
adult,offline,structured,structured_orth_ternary,ternary,per_step,accuracy,0.5130208333333334,0.11701376009719255,3,0.06755792589100441,0.2906782942620737
adult,offline,structured,structured_orth_ternary,ternary,per_step,f1,0.5293116009293835,0.19342853176615055,3,0.1116760148841411,0.4805031103068618
adult,offline,structured,structured_orth_ternary,ternary,per_step,loss,7.355311762313481,1.423848528460941,3,0.8220593311921769,3.5370358255030565
adult,offline,structured,structured_orth_ternary,ternary,per_step,mae,0.4775367143117919,0.11132544919474446,3,0.06427377806024173,0.2765477466326105
adult,offline,structured,structured_orth_ternary,ternary,per_step,precision,0.6321856639129658,0.10664577255917534,3,0.06157196549497549,0.2649227854229591
adult,offline,structured,structured_orth_ternary,ternary,per_step,r2,-0.9577823489159779,0.4574438538707627,3,0.2641053321714247,1.1363535284515043
adult,offline,structured,structured_orth_ternary,ternary,per_step,recall,0.4833333333272916,0.2640825312882127,3,0.15246812052752737,0.6560173750122069
adult,offline,structured,structured_orth_ternary,ternary,per_step,sample_count,128.0,0.0,3,0.0,0.0
adult,offline,structured,structured_orth_ternary,ternary,per_step,samples_per_step,64.0,0.0,3,0.0,0.0
adult,offline,structured,structured_orth_ternary,ternary,per_step,ternary_zero_ratio,0.6801565734989649,0.006493148860667124,3,0.003748821242594476,0.0161298759533985
adult,offline,structured,structured_orth_ternary,ternary,per_step,test_throughput_samples_sec,9940.326142180731,4615.991640133947,3,2665.0440160083967,11466.758910812236
adult,offline,structured,structured_orth_ternary,ternary,per_step,train_throughput_samples_sec,3716.758257096501,1126.2359760710085,3,650.2326439556377,2797.725260593151
california_housing,real,dfa,dfa_float_lr15,off,off,loss,5.6338844982727165,0.0,1,0.0,0.0
california_housing,real,dfa,dfa_float_lr15,off,off,mae,2.064829359110445,0.0,1,0.0,0.0
california_housing,real,dfa,dfa_float_lr15,off,off,r2,-3.111231336376772,0.0,1,0.0,0.0
california_housing,real,dfa,dfa_float_lr15,off,off,rmse,2.3735805228120483,0.0,1,0.0,0.0
california_housing,real,dfa,dfa_float_lr15,off,off,sample_count,4160.0,0.0,1,0.0,0.0
california_housing,real,dfa,dfa_float_lr15,off,off,samples_per_step,64.0,0.0,1,0.0,0.0
california_housing,real,dfa,dfa_float_lr15,off,off,ternary_zero_ratio,0.0,0.0,1,0.0,0.0
california_housing,real,dfa,dfa_float_lr15,off,off,test_throughput_samples_sec,85521.2625799975,0.0,1,0.0,0.0
california_housing,real,dfa,dfa_float_lr15,off,off,train_throughput_samples_sec,40522.336441548294,0.0,1,0.0,0.0
california_housing,real,ternary_dfa,ternary_dfa_step,ternary,per_step,loss,310.23123163860856,417.38771350483313,3,240.97890874845783,1036.848559577592
california_housing,real,ternary_dfa,ternary_dfa_step,ternary,per_step,mae,10.720785706876436,7.881269593848021,3,4.550253121564168,19.57815901528537
california_housing,real,ternary_dfa,ternary_dfa_step,ternary,per_step,r2,-225.38596183972905,304.5815809155865,3,175.85025773181567,756.622591485398
california_housing,real,ternary_dfa,ternary_dfa_step,ternary,per_step,rmse,14.86899951755795,11.563568976670002,3,6.676229661473231,28.72549777845242
california_housing,real,ternary_dfa,ternary_dfa_step,ternary,per_step,sample_count,4160.0,0.0,3,0.0,0.0
california_housing,real,ternary_dfa,ternary_dfa_step,ternary,per_step,samples_per_step,64.0,0.0,3,0.0,0.0
california_housing,real,ternary_dfa,ternary_dfa_step,ternary,per_step,ternary_zero_ratio,0.14780890804597702,0.051999238490643473,3,0.03002177434022856,0.12917326932176468
california_housing,real,ternary_dfa,ternary_dfa_step,ternary,per_step,test_throughput_samples_sec,136225.5768961395,3743.6590850552534,3,2161.4025805108386,9299.764713472234
california_housing,real,ternary_dfa,ternary_dfa_step,ternary,per_step,train_throughput_samples_sec,47477.86021966743,3250.4943812827664,3,1876.6738060329712,8074.675674680746
california_housing,real,dfa,dfa_ternary_epoch_tau010,ternary,per_epoch,loss,5.6338844982727165,0.0,3,0.0,0.0
california_housing,real,dfa,dfa_ternary_epoch_tau010,ternary,per_epoch,mae,2.064829359110445,0.0,3,0.0,0.0
california_housing,real,dfa,dfa_ternary_epoch_tau010,ternary,per_epoch,r2,-3.111231336376772,0.0,3,0.0,0.0
california_housing,real,dfa,dfa_ternary_epoch_tau010,ternary,per_epoch,rmse,2.3735805228120483,0.0,3,0.0,0.0
california_housing,real,dfa,dfa_ternary_epoch_tau010,ternary,per_epoch,sample_count,4160.0,0.0,3,0.0,0.0
california_housing,real,dfa,dfa_ternary_epoch_tau010,ternary,per_epoch,samples_per_step,64.0,0.0,3,0.0,0.0
california_housing,real,dfa,dfa_ternary_epoch_tau010,ternary,per_epoch,ternary_zero_ratio,0.5957255747126436,0.35038564059844723,3,0.202295243919693,0.8704061834991342
california_housing,real,dfa,dfa_ternary_epoch_tau010,ternary,per_epoch,test_throughput_samples_sec,77665.51500141324,5829.841506258986,3,3365.860562971479,14482.129139769933
california_housing,real,dfa,dfa_ternary_epoch_tau010,ternary,per_epoch,train_throughput_samples_sec,34844.15427548727,795.2186893052851,3,459.11972433502774,1975.432735266219
california_housing,real,structured,structured_hadamard_float_clip1,off,off,loss,0.9022828442928118,0.012860441281195747,3,0.007424979235595741,0.031947107177570544
california_housing,real,structured,structured_hadamard_float_clip1,off,off,mae,0.6805274883906046,0.01013752612481527,3,0.00585290343707896,0.025183010951454872
california_housing,real,structured,structured_hadamard_float_clip1,off,off,r2,0.3415744580438181,0.009384716362001604,3,0.005418268517869911,0.02331292782980529
california_housing,real,structured,structured_hadamard_float_clip1,off,off,rmse,0.9498696724573771,0.006757508825548735,3,0.003901449539481834,0.0167865825116626
california_housing,real,structured,structured_hadamard_float_clip1,off,off,sample_count,4160.0,0.0,3,0.0,0.0
california_housing,real,structured,structured_hadamard_float_clip1,off,off,samples_per_step,64.0,0.0,3,0.0,0.0
california_housing,real,structured,structured_hadamard_float_clip1,off,off,ternary_zero_ratio,0.0,0.0,3,0.0,0.0
california_housing,real,structured,structured_hadamard_float_clip1,off,off,test_throughput_samples_sec,101655.20438332506,1594.1919816773473,3,920.4071697613595,3960.192421603623
california_housing,real,structured,structured_hadamard_float_clip1,off,off,train_throughput_samples_sec,18692.585166894398,146.82051730875767,3,84.76686519077136,364.7223839190934
california_housing,real,dfa,dfa_ternary_epoch_tau005,ternary,per_epoch,loss,5.633851333880792,7.415783477585184e-05,5,3.316439192460052e-05,9.207911362591851e-05
california_housing,real,dfa,dfa_ternary_epoch_tau005,ternary,per_epoch,mae,2.0648227079142822,1.4872526752523733e-05,5,6.6511961631654515e-06,1.8466681030931097e-05
california_housing,real,dfa,dfa_ternary_epoch_tau005,ternary,per_epoch,r2,-3.1112071352261497,5.411541792570663e-05,5,2.4201150622538135e-05,6.719316618610067e-05
california_housing,real,dfa,dfa_ternary_epoch_tau005,ternary,per_epoch,rmse,2.3735735366079487,1.562162727214165e-05,5,6.986204099934667e-06,1.93968121771764e-05
california_housing,real,dfa,dfa_ternary_epoch_tau005,ternary,per_epoch,sample_count,4160.0,0.0,5,0.0,0.0
california_housing,real,dfa,dfa_ternary_epoch_tau005,ternary,per_epoch,samples_per_step,64.0,0.0,5,0.0,0.0
california_housing,real,dfa,dfa_ternary_epoch_tau005,ternary,per_epoch,ternary_zero_ratio,0.42314655172413795,0.5266131015594104,5,0.23550853858576842,0.6538765291887436
california_housing,real,dfa,dfa_ternary_epoch_tau005,ternary,per_epoch,test_throughput_samples_sec,63823.85196404693,22141.185154492432,5,9901.839021570851,27491.91248389695
california_housing,real,dfa,dfa_ternary_epoch_tau005,ternary,per_epoch,train_throughput_samples_sec,31151.843640094146,7429.203933462247,5,3322.4410027860818,9224.575059493884
california_housing,real,dfa,dfa_ternary_epoch_tau002,ternary,per_epoch,loss,6.014891997507957,0.6599243467401966,3,0.38100749923524047,1.6393429567011752
california_housing,real,dfa,dfa_ternary_epoch_tau002,ternary,per_epoch,mae,2.083039967363348,0.03154169873076135,3,0.018210608252903143,0.0783539233126985
california_housing,real,dfa,dfa_ternary_epoch_tau002,ternary,per_epoch,r2,-3.389265075039805,0.4815685615827005,3,0.27803373866303305,1.196282624665937
california_housing,real,dfa,dfa_ternary_epoch_tau002,ternary,per_epoch,rmse,2.4501367868702473,0.13259933898645967,3,0.07655626405819893,0.329395018541818
california_housing,real,dfa,dfa_ternary_epoch_tau002,ternary,per_epoch,sample_count,4160.0,0.0,3,0.0,0.0
california_housing,real,dfa,dfa_ternary_epoch_tau002,ternary,per_epoch,samples_per_step,64.0,0.0,3,0.0,0.0
california_housing,real,dfa,dfa_ternary_epoch_tau002,ternary,per_epoch,ternary_zero_ratio,0.3372485632183908,0.5739606958941372,3,0.33137636227874506,1.4257974097867099
california_housing,real,dfa,dfa_ternary_epoch_tau002,ternary,per_epoch,test_throughput_samples_sec,75610.90061181197,3952.211726922677,3,2281.8105044332033,9817.838196039746
california_housing,real,dfa,dfa_ternary_epoch_tau002,ternary,per_epoch,train_throughput_samples_sec,35441.24116432462,169.0687875601383,3,97.61191000940951,419.9901510738395
california_housing,real,dfa,dfa_float,off,off,loss,0.6083467022502081,0.00889318645517596,5,0.003977153890070767,0.011042349450705365
california_housing,real,dfa,dfa_float,off,off,mae,0.5668480471688755,0.003479276038510957,5,0.001555979546919335,0.004320091796832076
california_housing,real,dfa,dfa_float,off,off,r2,0.5560693541742685,0.006489659246827842,5,0.002902263845343428,0.008057976247396303
california_housing,real,dfa,dfa_float,off,off,rmse,0.7799490584057311,0.005717578073238541,5,0.0025569786476847297,0.0070993108504595545
california_housing,real,dfa,dfa_float,off,off,sample_count,4160.0,0.0,5,0.0,0.0
california_housing,real,dfa,dfa_float,off,off,samples_per_step,64.0,0.0,5,0.0,0.0
california_housing,real,dfa,dfa_float,off,off,ternary_zero_ratio,0.0,0.0,5,0.0,0.0
california_housing,real,dfa,dfa_float,off,off,test_throughput_samples_sec,101040.51065897627,48428.5302973647,5,21657.89715906311,60131.96255615809
california_housing,real,dfa,dfa_float,off,off,train_throughput_samples_sec,51680.1553867741,18864.015043623378,5,8436.243993224107,23422.768341241404
california_housing,real,dfa,dfa_float_lr06,off,off,loss,5.6338844982727165,0.0,1,0.0,0.0
california_housing,real,dfa,dfa_float_lr06,off,off,mae,2.064829359110445,0.0,1,0.0,0.0
california_housing,real,dfa,dfa_float_lr06,off,off,r2,-3.111231336376772,0.0,1,0.0,0.0
california_housing,real,dfa,dfa_float_lr06,off,off,rmse,2.3735805228120483,0.0,1,0.0,0.0
california_housing,real,dfa,dfa_float_lr06,off,off,sample_count,4160.0,0.0,1,0.0,0.0
california_housing,real,dfa,dfa_float_lr06,off,off,samples_per_step,64.0,0.0,1,0.0,0.0
california_housing,real,dfa,dfa_float_lr06,off,off,ternary_zero_ratio,0.0,0.0,1,0.0,0.0
california_housing,real,dfa,dfa_float_lr06,off,off,test_throughput_samples_sec,89112.86302620305,0.0,1,0.0,0.0
california_housing,real,dfa,dfa_float_lr06,off,off,train_throughput_samples_sec,42729.95369272043,0.0,1,0.0,0.0
california_housing,real,dfa,dfa_ternary_step,ternary,per_step,loss,3990.1940455963345,3446.4252243473215,3,1989.7945310188427,8561.394870850749
california_housing,real,dfa,dfa_ternary_step,ternary,per_step,mae,47.190536275282426,29.664936150693716,3,17.12705887209608,73.6917866113753
california_housing,real,dfa,dfa_ternary_step,ternary,per_step,r2,-2910.7762005076816,2514.9701569423582,3,1452.018697114546,6247.532211022114
california_housing,real,dfa,dfa_ternary_step,ternary,per_step,rmse,57.439183584731836,32.193187976242896,3,18.58674574415606,79.97231231625985
california_housing,real,dfa,dfa_ternary_step,ternary,per_step,sample_count,4160.0,0.0,3,0.0,0.0
california_housing,real,dfa,dfa_ternary_step,ternary,per_step,samples_per_step,64.0,0.0,3,0.0,0.0
california_housing,real,dfa,dfa_ternary_step,ternary,per_step,ternary_zero_ratio,0.1300646551724138,0.06886332339502019,3,0.03975825829940716,0.17106597860846182
california_housing,real,dfa,dfa_ternary_step,ternary,per_step,test_throughput_samples_sec,142183.3300686437,6749.476161935571,3,3896.8118789824643,16766.628269054585
california_housing,real,dfa,dfa_ternary_step,ternary,per_step,train_throughput_samples_sec,49562.61115325106,4956.725784288355,3,2861.7669658580407,12313.189448019004
california_housing,real,structured,structured_hadamard_float,off,off,loss,0.8640179239786588,0.020636979279337647,3,0.01191476554218632,0.051265098486340754
california_housing,real,structured,structured_hadamard_float,off,off,mae,0.6732458074887594,0.011451768680899825,3,0.00661168173061484,0.02844777044753444
california_housing,real,structured,structured_hadamard_float,off,off,r2,0.3694976430539181,0.015059471652454835,3,0.008694590012398338,0.03740980145230501
california_housing,real,structured,structured_hadamard_float,off,off,rmse,0.9294814666112264,0.011098854675617487,3,0.006407926734664293,0.027571083457974762
california_housing,real,structured,structured_hadamard_float,off,off,sample_count,4160.0,0.0,3,0.0,0.0
california_housing,real,structured,structured_hadamard_float,off,off,samples_per_step,64.0,0.0,3,0.0,0.0
california_housing,real,structured,structured_hadamard_float,off,off,ternary_zero_ratio,0.0,0.0,3,0.0,0.0
california_housing,real,structured,structured_hadamard_float,off,off,test_throughput_samples_sec,161174.30745558007,1014.8411078870225,3,585.9187868232706,2521.005067631447
california_housing,real,structured,structured_hadamard_float,off,off,train_throughput_samples_sec,34423.14765256587,370.35092687847344,3,213.82220732791407,920.002704075104
california_housing,real,dfa,dfa_float_lr10,off,off,loss,5.633070131108013,0.0011516890890745585,2,0.000814367164703178,0.010347515925346298
california_housing,real,dfa,dfa_float_lr10,off,off,mae,2.0646851119301397,0.0002039963187217716,2,0.00014424718030525693,0.0018328342056116301
california_housing,real,dfa,dfa_float_lr10,off,off,r2,-3.1106370657970555,0.0008404255135542457,2,0.0005942705797163937,0.007550923654714689
california_housing,real,dfa,dfa_float_lr10,off,off,rmse,2.3734089621628542,0.00024262339685983243,2,0.0001715606491941024,0.0021798847333754693
california_housing,real,dfa,dfa_float_lr10,off,off,sample_count,4160.0,0.0,2,0.0,0.0
california_housing,real,dfa,dfa_float_lr10,off,off,samples_per_step,64.0,0.0,2,0.0,0.0
california_housing,real,dfa,dfa_float_lr10,off,off,ternary_zero_ratio,0.0,0.0,2,0.0,0.0
california_housing,real,dfa,dfa_float_lr10,off,off,test_throughput_samples_sec,87826.79448853766,988.855766564451,2,699.2266181531448,8884.516567416886
california_housing,real,dfa,dfa_float_lr10,off,off,train_throughput_samples_sec,42703.27677388493,935.9633090743268,2,661.8260027882569,8409.296691322072
california_housing,real,structured,structured_orth_float,off,off,loss,3.092941946249742,0.48802056015975204,3,0.2817588017783048,1.2123102776479528
california_housing,real,structured,structured_orth_float,off,off,mae,1.347926100095113,0.15667271698703128,3,0.09045503532713257,0.3891966046845078
california_housing,real,structured,structured_orth_float,off,off,r2,-1.2570217810346558,0.3561246491272813,3,0.2056086620386969,0.8846626710142039
california_housing,real,structured,structured_orth_float,off,off,rmse,1.7551203568776448,0.13690060416670796,3,0.07903960066787125,0.3400799535847132
california_housing,real,structured,structured_orth_float,off,off,sample_count,4160.0,0.0,3,0.0,0.0
california_housing,real,structured,structured_orth_float,off,off,samples_per_step,64.0,0.0,3,0.0,0.0
california_housing,real,structured,structured_orth_float,off,off,ternary_zero_ratio,0.0,0.0,3,0.0,0.0
california_housing,real,structured,structured_orth_float,off,off,test_throughput_samples_sec,158996.56646771077,1363.5661704967995,3,787.2552955941944,3387.286146725468
california_housing,real,structured,structured_orth_float,off,off,train_throughput_samples_sec,25323.763863514698,282.60487640726524,3,163.16200146803553,702.0294310342305
california_housing,real,backprop,backprop_ternary_step,ternary,per_step,loss,22.1980661338264,24.113250076378566,3,13.92179142263393,59.90063386985125
california_housing,real,backprop,backprop_ternary_step,ternary,per_step,mae,2.9896012474874922,1.2775306651773466,3,0.7375826734381428,3.173562103403881
california_housing,real,backprop,backprop_ternary_step,ternary,per_step,r2,-15.198660999232546,17.596233889120523,3,10.15919037260735,43.71146819038736
california_housing,real,backprop,backprop_ternary_step,ternary,per_step,rmse,4.258304744998124,2.469283347214187,3,1.4256414052195712,6.134039884042534
california_housing,real,backprop,backprop_ternary_step,ternary,per_step,sample_count,4160.0,0.0,3,0.0,0.0
california_housing,real,backprop,backprop_ternary_step,ternary,per_step,samples_per_step,64.0,0.0,3,0.0,0.0
california_housing,real,backprop,backprop_ternary_step,ternary,per_step,ternary_zero_ratio,0.1290948275862069,0.039735763076492,3,0.02294145350866785,0.09870910756720232
california_housing,real,backprop,backprop_ternary_step,ternary,per_step,test_throughput_samples_sec,137147.78239289857,6243.485907037577,3,3604.67826910978,15509.678795037044
california_housing,real,backprop,backprop_ternary_step,ternary,per_step,train_throughput_samples_sec,48291.94437111512,3572.3749976153954,3,2062.5116665195374,8874.27145242414
california_housing,real,backprop,backprop_float,off,off,loss,0.6816450262986697,0.006334875341756429,5,0.0028330423786309174,0.00786578664496774
california_housing,real,backprop,backprop_float,off,off,mae,0.6014447569847107,0.003998672690200418,5,0.001788260791012018,0.0049650079200224614
california_housing,real,backprop,backprop_float,off,off,r2,0.5025811419466203,0.004622763842617195,5,0.0020673628392040375,0.0057399194355758736
california_housing,real,backprop,backprop_float,off,off,rmse,0.8256108164787292,0.003841042722795062,5,0.0017177665265301278,0.004769284464457198
california_housing,real,backprop,backprop_float,off,off,sample_count,4160.0,0.0,5,0.0,0.0
california_housing,real,backprop,backprop_float,off,off,samples_per_step,64.0,0.0,5,0.0,0.0
california_housing,real,backprop,backprop_float,off,off,ternary_zero_ratio,0.0,0.0,5,0.0,0.0
california_housing,real,backprop,backprop_float,off,off,test_throughput_samples_sec,118330.20650897254,55901.27735517406,5,24999.81123904777,69410.60354552309
california_housing,real,backprop,backprop_float,off,off,train_throughput_samples_sec,70789.28053076468,39782.308829196525,5,17791.189368794698,49396.260638637155
california_housing,real,dfa,dfa_float_clip1,off,off,loss,0.7688339405241772,0.013502887844965297,3,0.00779589593212804,0.03354303291447491
california_housing,real,dfa,dfa_float_clip1,off,off,mae,0.640578477568691,0.005650709512079915,3,0.003262438657911718,0.014037140597631928
california_housing,real,dfa,dfa_float_clip1,off,off,r2,0.43895651575354194,0.009853502615614919,3,0.005688922387585955,0.024477457441200078
california_housing,real,dfa,dfa_float_clip1,off,off,rmse,0.8768091711294971,0.007708885851557119,3,0.0044507273215486,0.01914993406015178
california_housing,real,dfa,dfa_float_clip1,off,off,sample_count,4160.0,0.0,3,0.0,0.0
california_housing,real,dfa,dfa_float_clip1,off,off,samples_per_step,64.0,0.0,3,0.0,0.0
california_housing,real,dfa,dfa_float_clip1,off,off,ternary_zero_ratio,0.0,0.0,3,0.0,0.0
california_housing,real,dfa,dfa_float_clip1,off,off,test_throughput_samples_sec,85934.65706421842,1406.026995847981,3,811.7700645407127,3492.764684256349
california_housing,real,dfa,dfa_float_clip1,off,off,train_throughput_samples_sec,34962.164106624325,898.8529517176468,3,518.9529936360731,2232.8745147638783
california_housing,real,structured,structured_hadamard_ternary,ternary,per_step,loss,6131.025682072682,9574.801913899913,3,5528.014462427459,23785.126517752513
california_housing,real,structured,structured_hadamard_ternary,ternary,per_step,mae,34.68192323383406,37.1106786482548,3,21.425860307379605,92.18803634224447
california_housing,real,structured,structured_hadamard_ternary,ternary,per_step,r2,-4473.011655012782,6987.048754743592,3,4033.9744793922528,17356.79130614949
california_housing,real,structured,structured_hadamard_ternary,ternary,per_step,rmse,58.06097907338053,64.34223019658025,3,37.14800392425647,159.83496049545684
california_housing,real,structured,structured_hadamard_ternary,ternary,per_step,sample_count,4160.0,0.0,3,0.0,0.0
california_housing,real,structured,structured_hadamard_ternary,ternary,per_step,samples_per_step,64.0,0.0,3,0.0,0.0
california_housing,real,structured,structured_hadamard_ternary,ternary,per_step,ternary_zero_ratio,0.25851293103448275,0.09874077117880205,3,0.057008010820072605,0.24528567338179688
california_housing,real,structured,structured_hadamard_ternary,ternary,per_step,test_throughput_samples_sec,134680.20239513062,36.707853751060455,3,21.19328924454817,91.18736382385443
california_housing,real,structured,structured_hadamard_ternary,ternary,per_step,train_throughput_samples_sec,23979.919681251424,208.8328686565773,3,120.56971293451667,518.7696045023168
california_housing,real,dfa,dfa_ternary_epoch,ternary,per_epoch,loss,5.6338844982727165,0.0,3,0.0,0.0
california_housing,real,dfa,dfa_ternary_epoch,ternary,per_epoch,mae,2.064829359110445,0.0,3,0.0,0.0
california_housing,real,dfa,dfa_ternary_epoch,ternary,per_epoch,r2,-3.111231336376772,0.0,3,0.0,0.0
california_housing,real,dfa,dfa_ternary_epoch,ternary,per_epoch,rmse,2.3735805228120483,0.0,3,0.0,0.0
california_housing,real,dfa,dfa_ternary_epoch,ternary,per_epoch,sample_count,4160.0,0.0,3,0.0,0.0
california_housing,real,dfa,dfa_ternary_epoch,ternary,per_epoch,samples_per_step,64.0,0.0,3,0.0,0.0
california_housing,real,dfa,dfa_ternary_epoch,ternary,per_epoch,ternary_zero_ratio,0.3566091954022988,0.5571951258425839,3,0.32169675589636326,1.3841494249610884
california_housing,real,dfa,dfa_ternary_epoch,ternary,per_epoch,test_throughput_samples_sec,125587.49194479838,8590.141127368019,3,4959.520292262801,21339.093524554904
california_housing,real,dfa,dfa_ternary_epoch,ternary,per_epoch,train_throughput_samples_sec,58359.62098297119,1088.28247275629,3,628.3201786001956,2703.443531712471
california_housing,real,structured,structured_orth_ternary,ternary,per_step,loss,4405.314319449856,2553.5728764594687,3,1474.3059876192012,6343.426682354294
california_housing,real,structured,structured_orth_ternary,ternary,per_step,mae,43.208611138885345,16.34003219546061,3,9.433921986616335,40.59089018948477
california_housing,real,structured,structured_orth_ternary,ternary,per_step,r2,-3213.7031559245247,1863.426350440909,3,1075.8497050421008,4629.007670373635
california_housing,real,structured,structured_orth_ternary,ternary,per_step,rmse,64.61829466646222,18.565706848169686,3,10.718915846486448,46.11977252857414
california_housing,real,structured,structured_orth_ternary,ternary,per_step,sample_count,4160.0,0.0,3,0.0,0.0
california_housing,real,structured,structured_orth_ternary,ternary,per_step,samples_per_step,64.0,0.0,3,0.0,0.0
california_housing,real,structured,structured_orth_ternary,ternary,per_step,ternary_zero_ratio,0.14942528735632185,0.003503950689154374,3,0.0020230068736104526,0.008704296047369288
california_housing,real,structured,structured_orth_ternary,ternary,per_step,test_throughput_samples_sec,133740.0765568443,9077.072483228116,3,5240.650241645498,22548.698068726182
california_housing,real,structured,structured_orth_ternary,ternary,per_step,train_throughput_samples_sec,20296.977316293156,481.1350899467069,3,277.783473697306,1195.2058214279505
california_housing,offline,ternary_dfa,ternary_dfa_step,ternary,per_step,loss,186.08162766671987,144.51522420890186,3,83.43590359900861,358.99571839288836
california_housing,offline,ternary_dfa,ternary_dfa_step,ternary,per_step,mae,10.56164827484948,4.59265153344424,3,2.6515685991281797,11.408778871585877
california_housing,offline,ternary_dfa,ternary_dfa_step,ternary,per_step,r2,-28.437260234663828,22.861645807008777,3,13.199177360794398,56.79147650400511
california_housing,offline,ternary_dfa,ternary_dfa_step,ternary,per_step,rmse,12.96627774476859,5.189981085549144,3,2.9964369768308647,12.892627738368407
california_housing,offline,ternary_dfa,ternary_dfa_step,ternary,per_step,sample_count,64.0,0.0,3,0.0,0.0
california_housing,offline,ternary_dfa,ternary_dfa_step,ternary,per_step,samples_per_step,64.0,0.0,3,0.0,0.0
california_housing,offline,ternary_dfa,ternary_dfa_step,ternary,per_step,ternary_zero_ratio,0.13663793103448277,0.0381731776840833,3,0.02203929441172891,0.09482743026594369
california_housing,offline,ternary_dfa,ternary_dfa_step,ternary,per_step,test_throughput_samples_sec,79211.82837847609,3961.1405651535506,3,2286.965571589349,9840.01865981201
california_housing,offline,ternary_dfa,ternary_dfa_step,ternary,per_step,train_throughput_samples_sec,44915.557514775755,985.4852930209106,3,568.97019920804,2448.081180860635
california_housing,offline,dfa,dfa_float,off,off,loss,5.790265515387181,0.35142364114316027,3,0.20289453381360203,0.8729847197971702
california_housing,offline,dfa,dfa_float,off,off,mae,1.8460934104008544,0.057038033867719704,3,0.032930924207574964,0.1416903309402237
california_housing,offline,dfa,dfa_float,off,off,r2,0.08400654625864083,0.055593608604244255,3,0.03209698489288312,0.1381021796712845
california_housing,offline,dfa,dfa_float,off,off,rmse,2.4055469168421895,0.07358205886850797,3,0.04248262149525996,0.18278796735036767
california_housing,offline,dfa,dfa_float,off,off,sample_count,64.0,0.0,3,0.0,0.0
california_housing,offline,dfa,dfa_float,off,off,samples_per_step,64.0,0.0,3,0.0,0.0
california_housing,offline,dfa,dfa_float,off,off,ternary_zero_ratio,0.0,0.0,3,0.0,0.0
california_housing,offline,dfa,dfa_float,off,off,test_throughput_samples_sec,82614.60337350819,950.2247191516279,3,548.6124973928289,2360.4890595706975
california_housing,offline,dfa,dfa_float,off,off,train_throughput_samples_sec,54318.83459899497,2115.6561943636525,3,1221.474673328554,5255.581337714585
california_housing,offline,dfa,dfa_ternary_step,ternary,per_step,loss,14681.548942439644,16828.412512311304,3,9715.888494017,41804.09415229579
california_housing,offline,dfa,dfa_ternary_step,ternary,per_step,mae,90.77478959370153,83.78056028578139,3,48.37072903385356,208.12244932530857
california_housing,offline,dfa,dfa_ternary_step,ternary,per_step,r2,-2321.5537216420444,2662.177694126966,3,1537.0090083348211,6613.216005610039
california_housing,offline,dfa,dfa_ternary_step,ternary,per_step,rmse,97.71545011443335,87.7488440212177,3,50.66181871672853,217.98021260380213
california_housing,offline,dfa,dfa_ternary_step,ternary,per_step,sample_count,64.0,0.0,3,0.0,0.0
california_housing,offline,dfa,dfa_ternary_step,ternary,per_step,samples_per_step,64.0,0.0,3,0.0,0.0
california_housing,offline,dfa,dfa_ternary_step,ternary,per_step,ternary_zero_ratio,0.08466235632183909,0.0474691503514356,3,0.027406326733604162,0.11791990653718229
california_housing,offline,dfa,dfa_ternary_step,ternary,per_step,test_throughput_samples_sec,75960.47440107819,4689.2679730238315,3,2707.3501265276,11648.787412729613
california_housing,offline,dfa,dfa_ternary_step,ternary,per_step,train_throughput_samples_sec,44306.43978514991,1144.6454718755338,3,660.8613713140256,2843.456983377201
california_housing,offline,structured,structured_hadamard_float,off,off,loss,6.415544033050537,0.013930525818693648,3,0.00804279283137581,0.03460534453202996
california_housing,offline,structured,structured_hadamard_float,off,off,mae,1.951101581255595,0.0026532362389009388,3,0.0015318466567531273,0.0065910041994843025
california_housing,offline,structured,structured_hadamard_float,off,off,r2,-0.014909648071773418,0.0022037453072211322,3,0.0012723329463494952,0.005474406824966711
california_housing,offline,structured,structured_hadamard_float,off,off,rmse,2.5328914324442544,0.002750716540647364,3,0.0015881269352071119,0.0068331586932145055
california_housing,offline,structured,structured_hadamard_float,off,off,sample_count,64.0,0.0,3,0.0,0.0
california_housing,offline,structured,structured_hadamard_float,off,off,samples_per_step,64.0,0.0,3,0.0,0.0
california_housing,offline,structured,structured_hadamard_float,off,off,ternary_zero_ratio,0.0,0.0,3,0.0,0.0
california_housing,offline,structured,structured_hadamard_float,off,off,test_throughput_samples_sec,83001.24093216214,5342.910128810574,3,3084.7306011247633,13272.52454197031
california_housing,offline,structured,structured_hadamard_float,off,off,train_throughput_samples_sec,35816.90132231023,747.0228347916227,3,431.29383475774074,1855.7075955142955
california_housing,offline,structured,structured_orth_float,off,off,loss,6.419727961222331,0.017244675222718744,3,0.009956217881924337,0.0428381480492532
california_housing,offline,structured,structured_orth_float,off,off,mae,1.9518033663431804,0.0030452972096039256,3,0.0017582031637272428,0.007564937642149661
california_housing,offline,structured,structured_orth_float,off,off,r2,-0.015571526323487905,0.0027280285461744737,3,0.001575028015490816,0.006776798590538297
california_housing,offline,structured,structured_orth_float,off,off,rmse,2.5337166786193848,0.003404189256197508,3,0.001965409583438063,0.008456474909573563
california_housing,offline,structured,structured_orth_float,off,off,sample_count,64.0,0.0,3,0.0,0.0
california_housing,offline,structured,structured_orth_float,off,off,samples_per_step,64.0,0.0,3,0.0,0.0
california_housing,offline,structured,structured_orth_float,off,off,ternary_zero_ratio,0.0,0.0,3,0.0,0.0
california_housing,offline,structured,structured_orth_float,off,off,test_throughput_samples_sec,84463.37336263405,3121.868335676384,3,1802.4115239773294,7755.150864064597
california_housing,offline,structured,structured_orth_float,off,off,train_throughput_samples_sec,26477.356036247424,345.69819161136974,3,199.58894398519115,858.7619146979912
california_housing,offline,backprop,backprop_ternary_step,ternary,per_step,loss,122.50071449551939,201.14036934629158,3,116.1284463869822,499.6603768673041
california_housing,offline,backprop,backprop_ternary_step,ternary,per_step,mae,4.877256608349853,5.099223221617617,3,2.9440378996589223,12.667172705929717
california_housing,offline,backprop,backprop_ternary_step,ternary,per_step,r2,-18.379051316100448,31.819484117733474,3,18.370987720848444,79.04398046827507
california_housing,offline,backprop,backprop_ternary_step,ternary,per_step,rmse,7.961216469368637,9.416985729789522,3,5.436899246048845,23.393089383264613
california_housing,offline,backprop,backprop_ternary_step,ternary,per_step,sample_count,64.0,0.0,3,0.0,0.0
california_housing,offline,backprop,backprop_ternary_step,ternary,per_step,samples_per_step,64.0,0.0,3,0.0,0.0
california_housing,offline,backprop,backprop_ternary_step,ternary,per_step,ternary_zero_ratio,0.08099856321839081,0.029147528366554716,3,0.01682833334864262,0.0724064744223941
california_housing,offline,backprop,backprop_ternary_step,ternary,per_step,test_throughput_samples_sec,78312.63263481202,2059.0049327203315,3,1188.7670521688508,5114.851802242884
california_housing,offline,backprop,backprop_ternary_step,ternary,per_step,train_throughput_samples_sec,44948.40087713197,1739.782974795189,3,1004.4641688295303,4321.860498112438
california_housing,offline,backprop,backprop_float,off,off,loss,6.399386088053386,0.024540104865955717,3,0.014168236150301178,0.06096099995012098
california_housing,offline,backprop,backprop_float,off,off,mae,1.94868004322052,0.00406481660983618,3,0.0023468229638953808,0.010097564232222928
california_housing,offline,backprop,backprop_float,off,off,r2,-0.012353535264170304,0.003882132063133616,3,0.0022413499916798707,0.009643750660388008
california_housing,offline,backprop,backprop_float,off,off,rmse,2.5296976566314697,0.004853101432914966,3,0.0028019394186980144,0.012055772288907023
california_housing,offline,backprop,backprop_float,off,off,sample_count,64.0,0.0,3,0.0,0.0
california_housing,offline,backprop,backprop_float,off,off,samples_per_step,64.0,0.0,3,0.0,0.0
california_housing,offline,backprop,backprop_float,off,off,ternary_zero_ratio,0.0,0.0,3,0.0,0.0
california_housing,offline,backprop,backprop_float,off,off,test_throughput_samples_sec,87757.70906264335,1022.0327673247888,3,590.070893335585,2538.8701400515392
california_housing,offline,backprop,backprop_float,off,off,train_throughput_samples_sec,72861.25863491544,15815.659543973912,3,9131.175295124813,39288.276310867164
california_housing,offline,structured,structured_hadamard_ternary,ternary,per_step,loss,14.945176741188511,12.249909643998706,3,7.072488630511246,30.430462513335662
california_housing,offline,structured,structured_hadamard_ternary,ternary,per_step,mae,2.690338866057573,0.9946415977828391,3,0.5742565942271217,2.4708267028208764
california_housing,offline,structured,structured_hadamard_ternary,ternary,per_step,r2,-1.364258430560226,1.9378795347134694,3,1.1188352710238882,4.813959633191954
california_housing,offline,structured,structured_hadamard_ternary,ternary,per_step,rmse,3.662853519264219,1.5142725172185347,3,0.8742656454425733,3.7616614660311307
california_housing,offline,structured,structured_hadamard_ternary,ternary,per_step,sample_count,64.0,0.0,3,0.0,0.0
california_housing,offline,structured,structured_hadamard_ternary,ternary,per_step,samples_per_step,64.0,0.0,3,0.0,0.0
california_housing,offline,structured,structured_hadamard_ternary,ternary,per_step,ternary_zero_ratio,0.21857040229885058,0.2009801505776844,3,0.11603594403779761,0.4992623713820618
california_housing,offline,structured,structured_hadamard_ternary,ternary,per_step,test_throughput_samples_sec,83191.06344228389,1461.1866722302939,3,843.6165185484537,3629.7889165307497
california_housing,offline,structured,structured_hadamard_ternary,ternary,per_step,train_throughput_samples_sec,26374.245800815876,560.8930274710199,3,323.8317403969775,1393.3355218509746
california_housing,offline,dfa,dfa_ternary_epoch,ternary,per_epoch,loss,9.816449885502012,1.4004847629900623,3,0.8085702549082817,3.4789970146061737
california_housing,offline,dfa,dfa_ternary_epoch,ternary,per_epoch,mae,2.226139510064968,0.08327016442235363,3,0.04807605184471027,0.2068545557129986
california_housing,offline,dfa,dfa_ternary_epoch,ternary,per_epoch,r2,-0.5529173593516458,0.2215502676957354,3,0.1279121066931665,0.5503613750520551
california_housing,offline,dfa,dfa_ternary_epoch,ternary,per_epoch,rmse,3.1279880653265746,0.21956963135823143,3,0.12676858577054181,0.5454412016326133
california_housing,offline,dfa,dfa_ternary_epoch,ternary,per_epoch,sample_count,64.0,0.0,3,0.0,0.0
california_housing,offline,dfa,dfa_ternary_epoch,ternary,per_epoch,samples_per_step,64.0,0.0,3,0.0,0.0
california_housing,offline,dfa,dfa_ternary_epoch,ternary,per_epoch,ternary_zero_ratio,0.06260775862068967,0.02370591690765869,3,0.013686617508023646,0.05888876218414939
california_housing,offline,dfa,dfa_ternary_epoch,ternary,per_epoch,test_throughput_samples_sec,83823.68450716366,515.3487632261588,3,297.5367471751635,1280.1972974821379
california_housing,offline,dfa,dfa_ternary_epoch,ternary,per_epoch,train_throughput_samples_sec,57479.68780694702,228.94315151847252,3,132.18039015831138,568.7263165553959
california_housing,offline,structured,structured_orth_ternary,ternary,per_step,loss,111340.11345249826,74007.74942320192,3,42728.394051604,183845.44131085862
california_housing,offline,structured,structured_orth_ternary,ternary,per_step,mae,309.3593880891228,97.61151926942756,3,56.35603692621235,242.48045612754817
california_housing,offline,structured,structured_orth_ternary,ternary,per_step,r2,-17612.49540712539,11707.68660221807,3,6759.436011378378,29083.505807017755
california_housing,offline,structured,structured_orth_ternary,ternary,per_step,rmse,322.3665524237384,105.49824167443276,3,60.909438229765954,262.0721606766646
california_housing,offline,structured,structured_orth_ternary,ternary,per_step,sample_count,64.0,0.0,3,0.0,0.0
california_housing,offline,structured,structured_orth_ternary,ternary,per_step,samples_per_step,64.0,0.0,3,0.0,0.0
california_housing,offline,structured,structured_orth_ternary,ternary,per_step,ternary_zero_ratio,0.11828304597701149,0.04415242099788228,3,0.025491412148501022,0.10968069407004136
california_housing,offline,structured,structured_orth_ternary,ternary,per_step,test_throughput_samples_sec,78221.60174564524,3178.6024105363304,3,1835.1669573699437,7896.086118970756
california_housing,offline,structured,structured_orth_ternary,ternary,per_step,train_throughput_samples_sec,21398.710747132587,318.4569511240724,3,183.8612064567907,791.090921886091
cifar10,offline,dfa,dfa_float_lr15,off,off,accuracy,1.0,0.0,5,0.0,0.0
cifar10,offline,dfa,dfa_float_lr15,off,off,loss,0.010864791367202998,0.00031479434114209485,5,0.00014078030914519657,0.00039086880023441394
cifar10,offline,dfa,dfa_float_lr15,off,off,macro_f1,0.9999999993942372,0.0,5,0.0,0.0
cifar10,offline,dfa,dfa_float_lr15,off,off,sample_count,128.0,0.0,5,0.0,0.0
cifar10,offline,dfa,dfa_float_lr15,off,off,samples_per_step,64.0,0.0,5,0.0,0.0
cifar10,offline,dfa,dfa_float_lr15,off,off,ternary_zero_ratio,1.0868809126321648e-07,2.4303396040925307e-07,5,1.086880912632165e-07,3.017665189810491e-07
cifar10,offline,dfa,dfa_float_lr15,off,off,test_throughput_samples_sec,201.46730806511033,20.21928385172238,5,9.042338629763004,25.10555682814646
cifar10,offline,dfa,dfa_float_lr15,off,off,train_throughput_samples_sec,103.80487565065907,6.085383942496445,5,2.7214664329215443,7.556002156645135
cifar10,offline,backprop,backprop_float_lr06,off,off,accuracy,1.0,0.0,5,0.0,0.0
cifar10,offline,backprop,backprop_float_lr06,off,off,loss,0.6402933657169342,0.06713218916540041,5,0.030022427690442038,0.08335562240728266
cifar10,offline,backprop,backprop_float_lr06,off,off,macro_f1,0.9999999993942372,0.0,5,0.0,0.0
cifar10,offline,backprop,backprop_float_lr06,off,off,sample_count,128.0,0.0,5,0.0,0.0
cifar10,offline,backprop,backprop_float_lr06,off,off,samples_per_step,64.0,0.0,5,0.0,0.0
cifar10,offline,backprop,backprop_float_lr06,off,off,ternary_zero_ratio,0.0,0.0,5,0.0,0.0
cifar10,offline,backprop,backprop_float_lr06,off,off,test_throughput_samples_sec,215.37736364702292,19.637460633834756,5,8.782139376546123,24.383127885176332
cifar10,offline,backprop,backprop_float_lr06,off,off,train_throughput_samples_sec,98.21202837941104,2.326325974269636,5,1.0403646032580665,2.8885152103369083
cifar10,offline,ternary_dfa,ternary_dfa_step,ternary,per_step,accuracy,0.875,0.1075460929526266,5,0.04809607491131682,0.13353611176675226
cifar10,offline,ternary_dfa,ternary_dfa_step,ternary,per_step,loss,2.5904082287433012,2.2287062740897765,5,0.9967077461490037,2.7673043431081314
cifar10,offline,ternary_dfa,ternary_dfa_step,ternary,per_step,macro_f1,0.8255906271253111,0.1127779466715767,5,0.05043583102409833,0.14003231617344108
cifar10,offline,ternary_dfa,ternary_dfa_step,ternary,per_step,sample_count,128.0,0.0,5,0.0,0.0
cifar10,offline,ternary_dfa,ternary_dfa_step,ternary,per_step,samples_per_step,64.0,0.0,5,0.0,0.0
cifar10,offline,ternary_dfa,ternary_dfa_step,ternary,per_step,ternary_zero_ratio,0.634373804430996,0.003089397695186011,5,0.001381620651193419,0.003835993894246163
cifar10,offline,ternary_dfa,ternary_dfa_step,ternary,per_step,test_throughput_samples_sec,86.50543548960407,9.2459894172798,5,4.13493217125626,11.48041218720935
cifar10,offline,ternary_dfa,ternary_dfa_step,ternary,per_step,train_throughput_samples_sec,56.14875052816628,0.8659143071558533,5,0.38724865069802406,1.075174620724981
cifar10,offline,dfa,dfa_ternary_epoch_tau010,ternary,per_epoch,accuracy,0.86875,0.09590619399639942,5,0.04289055384784626,0.11908326829007537
cifar10,offline,dfa,dfa_ternary_epoch_tau010,ternary,per_epoch,loss,2.391815768621121,1.8822424152515433,5,0.8417643981271675,2.3371126429099456
cifar10,offline,dfa,dfa_ternary_epoch_tau010,ternary,per_epoch,macro_f1,0.8590442080905072,0.1155579555883859,5,0.05167908880730651,0.1434841531601285
cifar10,offline,dfa,dfa_ternary_epoch_tau010,ternary,per_epoch,sample_count,128.0,0.0,5,0.0,0.0
cifar10,offline,dfa,dfa_ternary_epoch_tau010,ternary,per_epoch,samples_per_step,64.0,0.0,5,0.0,0.0
cifar10,offline,dfa,dfa_ternary_epoch_tau010,ternary,per_epoch,ternary_zero_ratio,0.9534897572342793,0.0005637750667011985,5,0.00025212787463267157,0.0007000192034078052
cifar10,offline,dfa,dfa_ternary_epoch_tau010,ternary,per_epoch,test_throughput_samples_sec,82.7078138795488,2.9104326829571865,5,1.3015850646058724,3.6137794816235354
cifar10,offline,dfa,dfa_ternary_epoch_tau010,ternary,per_epoch,train_throughput_samples_sec,62.593482068396966,3.3641229158457953,5,1.5044815048992004,4.177110310138003
cifar10,offline,structured,structured_hadamard_float_clip1,off,off,accuracy,0.7875,0.08126502264966151,5,0.03634282296754064,0.10090385293729835
cifar10,offline,structured,structured_hadamard_float_clip1,off,off,loss,1.8578946828842162,0.07251416988818402,5,0.03242932264038956,0.09003823410978974
cifar10,offline,structured,structured_hadamard_float_clip1,off,off,macro_f1,0.7258640767561024,0.10429492765185194,5,0.04664210958759269,0.12949925686057104
cifar10,offline,structured,structured_hadamard_float_clip1,off,off,sample_count,128.0,0.0,5,0.0,0.0
cifar10,offline,structured,structured_hadamard_float_clip1,off,off,samples_per_step,64.0,0.0,5,0.0,0.0
cifar10,offline,structured,structured_hadamard_float_clip1,off,off,ternary_zero_ratio,2.1737618252643296e-07,4.860679208185061e-07,5,2.17376182526433e-07,6.035330379620981e-07
cifar10,offline,structured,structured_hadamard_float_clip1,off,off,test_throughput_samples_sec,204.50497100507678,19.914590518324758,5,8.906075628609386,24.72723008557394
cifar10,offline,structured,structured_hadamard_float_clip1,off,off,train_throughput_samples_sec,100.06622523977504,4.869428975127838,5,2.1776748399985957,6.046194650226501
cifar10,offline,dfa,dfa_ternary_epoch_tau005,ternary,per_epoch,accuracy,0.978125,0.04074501503251656,5,0.018221724671391566,0.05059161827214708
cifar10,offline,dfa,dfa_ternary_epoch_tau005,ternary,per_epoch,loss,0.45332143920507767,0.8443697780899633,5,0.37761364439111406,1.0484235546256109
cifar10,offline,dfa,dfa_ternary_epoch_tau005,ternary,per_epoch,macro_f1,0.9650053470075607,0.07018025018901708,5,0.03138556202011693,0.08714029004463558
cifar10,offline,dfa,dfa_ternary_epoch_tau005,ternary,per_epoch,sample_count,128.0,0.0,5,0.0,0.0
cifar10,offline,dfa,dfa_ternary_epoch_tau005,ternary,per_epoch,samples_per_step,64.0,0.0,5,0.0,0.0
cifar10,offline,dfa,dfa_ternary_epoch_tau005,ternary,per_epoch,ternary_zero_ratio,0.6461409206316083,0.005326549132261961,5,0.0023821051890460525,0.006613784292193189
cifar10,offline,dfa,dfa_ternary_epoch_tau005,ternary,per_epoch,test_throughput_samples_sec,87.35924307092894,4.606480817018023,5,2.060080848780214,5.719701388907551
cifar10,offline,dfa,dfa_ternary_epoch_tau005,ternary,per_epoch,train_throughput_samples_sec,63.020993931607606,1.7958936076618028,5,0.8031480374178256,2.22989643723794
cifar10,offline,dfa,dfa_ternary_epoch_tau002,ternary,per_epoch,accuracy,1.0,0.0,5,0.0,0.0
cifar10,offline,dfa,dfa_ternary_epoch_tau002,ternary,per_epoch,loss,-1.000000082240371e-09,0.0,5,0.0,0.0
cifar10,offline,dfa,dfa_ternary_epoch_tau002,ternary,per_epoch,macro_f1,0.9999999993942372,0.0,5,0.0,0.0
cifar10,offline,dfa,dfa_ternary_epoch_tau002,ternary,per_epoch,sample_count,128.0,0.0,5,0.0,0.0
cifar10,offline,dfa,dfa_ternary_epoch_tau002,ternary,per_epoch,samples_per_step,64.0,0.0,5,0.0,0.0
cifar10,offline,dfa,dfa_ternary_epoch_tau002,ternary,per_epoch,ternary_zero_ratio,0.27744928613661657,0.0017940514604605842,5,0.0008023242041445284,0.0022276091093787953
cifar10,offline,dfa,dfa_ternary_epoch_tau002,ternary,per_epoch,test_throughput_samples_sec,84.34642871049667,8.461135560511067,5,3.783934856028706,10.505887409408238
cifar10,offline,dfa,dfa_ternary_epoch_tau002,ternary,per_epoch,train_throughput_samples_sec,64.0041998977147,2.8319191726343815,5,1.2664727553590878,3.5162920824831083
cifar10,offline,backprop,backprop_float_lr15,off,off,accuracy,1.0,0.0,5,0.0,0.0
cifar10,offline,backprop,backprop_float_lr15,off,off,loss,0.10159826278686523,0.007775997580093033,5,0.0034775318363923775,0.00965517624532113
cifar10,offline,backprop,backprop_float_lr15,off,off,macro_f1,0.9999999993942372,0.0,5,0.0,0.0
cifar10,offline,backprop,backprop_float_lr15,off,off,sample_count,128.0,0.0,5,0.0,0.0
cifar10,offline,backprop,backprop_float_lr15,off,off,samples_per_step,64.0,0.0,5,0.0,0.0
cifar10,offline,backprop,backprop_float_lr15,off,off,ternary_zero_ratio,0.0,0.0,5,0.0,0.0
cifar10,offline,backprop,backprop_float_lr15,off,off,test_throughput_samples_sec,211.91178967350828,19.682331227218963,5,8.802206115945692,24.438842085559546
cifar10,offline,backprop,backprop_float_lr15,off,off,train_throughput_samples_sec,101.22103887513353,4.055352647733748,5,1.8136088386132836,5.035385382711316
cifar10,offline,dfa,dfa_float,off,off,accuracy,1.0,0.0,5,0.0,0.0
cifar10,offline,dfa,dfa_float,off,off,loss,0.023109595850110055,0.0005592222807370712,5,0.0002500918068521125,0.0006943661729846211
cifar10,offline,dfa,dfa_float,off,off,macro_f1,0.9999999993942372,0.0,5,0.0,0.0
cifar10,offline,dfa,dfa_float,off,off,sample_count,128.0,0.0,5,0.0,0.0
cifar10,offline,dfa,dfa_float,off,off,samples_per_step,64.0,0.0,5,0.0,0.0
cifar10,offline,dfa,dfa_float,off,off,ternary_zero_ratio,1.0868809126321648e-07,2.4303396040925307e-07,5,1.086880912632165e-07,3.017665189810491e-07
cifar10,offline,dfa,dfa_float,off,off,test_throughput_samples_sec,198.23284919112402,19.20644334856598,5,8.589382586678443,23.84794923945457
cifar10,offline,dfa,dfa_float,off,off,train_throughput_samples_sec,105.01456869073061,3.266573160004058,5,1.4608559278490743,4.055986290275751
cifar10,offline,dfa,dfa_float_lr06,off,off,accuracy,1.0,0.0,5,0.0,0.0
cifar10,offline,dfa,dfa_float_lr06,off,off,loss,0.0808525450527668,0.004984513121185972,5,0.002229142034742296,0.006189090491150909
cifar10,offline,dfa,dfa_float_lr06,off,off,macro_f1,0.9999999993942372,0.0,5,0.0,0.0
cifar10,offline,dfa,dfa_float_lr06,off,off,sample_count,128.0,0.0,5,0.0,0.0
cifar10,offline,dfa,dfa_float_lr06,off,off,samples_per_step,64.0,0.0,5,0.0,0.0
cifar10,offline,dfa,dfa_float_lr06,off,off,ternary_zero_ratio,1.0868809126321648e-07,2.43033960409253e-07,5,1.0868809126321647e-07,3.01766518981049e-07
cifar10,offline,dfa,dfa_float_lr06,off,off,test_throughput_samples_sec,223.9662472030668,25.66567633819415,5,11.478039396142,31.868146298685954
cifar10,offline,dfa,dfa_float_lr06,off,off,train_throughput_samples_sec,104.2739414773874,6.516627508217915,5,2.9143244184840653,8.091461766658504
cifar10,offline,dfa,dfa_ternary_step,ternary,per_step,accuracy,0.9265625,0.13436591539058557,5,0.0600902641344669,0.16683731972618346
cifar10,offline,dfa,dfa_ternary_step,ternary,per_step,loss,1.5218648339741896,2.7845005841981205,5,1.2452665179309748,3.4574141283761617
cifar10,offline,dfa,dfa_ternary_step,ternary,per_step,macro_f1,0.8722146130127472,0.21587143618901902,5,0.09654064114383093,0.2680397905564466
cifar10,offline,dfa,dfa_ternary_step,ternary,per_step,sample_count,128.0,0.0,5,0.0,0.0
cifar10,offline,dfa,dfa_ternary_step,ternary,per_step,samples_per_step,64.0,0.0,5,0.0,0.0
cifar10,offline,dfa,dfa_ternary_step,ternary,per_step,ternary_zero_ratio,0.676504677935448,0.0035644506310042318,5,0.0015940707826734963,0.004425850021892653
cifar10,offline,dfa,dfa_ternary_step,ternary,per_step,test_throughput_samples_sec,83.9919656695256,11.780491898037313,5,5.268396138479391,14.62741267092409
cifar10,offline,dfa,dfa_ternary_step,ternary,per_step,train_throughput_samples_sec,55.225368497059186,2.161076630943955,5,0.9664628502753817,2.6833310500025966
cifar10,offline,structured,structured_hadamard_float,off,off,accuracy,0.91875,0.07257640101558495,5,0.03245715324662654,0.0901155042602511
cifar10,offline,structured,structured_hadamard_float,off,off,loss,1.5590274810791016,0.08163446549688086,5,0.036508042831577346,0.10136257682008451
cifar10,offline,structured,structured_hadamard_float,off,off,macro_f1,0.8818852236972585,0.10843372940761165,5,0.048493038001847524,0.1346382579964004
cifar10,offline,structured,structured_hadamard_float,off,off,sample_count,128.0,0.0,5,0.0,0.0
cifar10,offline,structured,structured_hadamard_float,off,off,samples_per_step,64.0,0.0,5,0.0,0.0
cifar10,offline,structured,structured_hadamard_float,off,off,ternary_zero_ratio,4.347523650528659e-07,4.546749066011036e-07,5,2.0333679976468708e-07,5.645534624132503e-07
cifar10,offline,structured,structured_hadamard_float,off,off,test_throughput_samples_sec,195.52610328946372,28.322753506527548,5,12.666320430113226,35.16734335905474
cifar10,offline,structured,structured_hadamard_float,off,off,train_throughput_samples_sec,101.34871579060946,5.66662062049334,5,2.534189782025029,7.036038815945669
cifar10,offline,dfa,dfa_float_lr10,off,off,accuracy,1.0,0.0,5,0.0,0.0
cifar10,offline,dfa,dfa_float_lr10,off,off,loss,0.023109595850110055,0.0005592222807370712,5,0.0002500918068521125,0.0006943661729846211
cifar10,offline,dfa,dfa_float_lr10,off,off,macro_f1,0.9999999993942372,0.0,5,0.0,0.0
cifar10,offline,dfa,dfa_float_lr10,off,off,sample_count,128.0,0.0,5,0.0,0.0
cifar10,offline,dfa,dfa_float_lr10,off,off,samples_per_step,64.0,0.0,5,0.0,0.0
cifar10,offline,dfa,dfa_float_lr10,off,off,ternary_zero_ratio,1.0868809126321648e-07,2.4303396040925307e-07,5,1.086880912632165e-07,3.017665189810491e-07
cifar10,offline,dfa,dfa_float_lr10,off,off,test_throughput_samples_sec,220.99400639426557,15.679040002818153,5,7.011879853647977,19.46809949789598
cifar10,offline,dfa,dfa_float_lr10,off,off,train_throughput_samples_sec,104.16626722476049,1.9092756496725132,5,0.8538540280905627,2.3706788368454665
cifar10,offline,structured,structured_orth_float,off,off,accuracy,0.91875,0.07666606515841934,5,0.03428610665233076,0.09519349299115343
cifar10,offline,structured,structured_orth_float,off,off,loss,1.5603147983551025,0.07726681646920865,5,0.034554770806030165,0.09593942426563425
cifar10,offline,structured,structured_orth_float,off,off,macro_f1,0.8755518708473792,0.1181180462280681,5,0.05282399614708458,0.14666292553956037
cifar10,offline,structured,structured_orth_float,off,off,sample_count,128.0,0.0,5,0.0,0.0
cifar10,offline,structured,structured_orth_float,off,off,samples_per_step,64.0,0.0,5,0.0,0.0
cifar10,offline,structured,structured_orth_float,off,off,ternary_zero_ratio,1.0868809126321648e-07,2.4303396040925307e-07,5,1.086880912632165e-07,3.017665189810491e-07
cifar10,offline,structured,structured_orth_float,off,off,test_throughput_samples_sec,224.26794633867394,27.332051995755837,5,12.223265245413769,33.93722496016343
cifar10,offline,structured,structured_orth_float,off,off,train_throughput_samples_sec,102.1366939409373,8.034752718797515,5,3.593250652326499,9.976463185400705
cifar10,offline,backprop,backprop_ternary_step,ternary,per_step,accuracy,1.0,0.0,5,0.0,0.0
cifar10,offline,backprop,backprop_ternary_step,ternary,per_step,loss,-1.000000082240371e-09,0.0,5,0.0,0.0
cifar10,offline,backprop,backprop_ternary_step,ternary,per_step,macro_f1,0.9999999993942372,0.0,5,0.0,0.0
cifar10,offline,backprop,backprop_ternary_step,ternary,per_step,sample_count,128.0,0.0,5,0.0,0.0
cifar10,offline,backprop,backprop_ternary_step,ternary,per_step,samples_per_step,64.0,0.0,5,0.0,0.0
cifar10,offline,backprop,backprop_ternary_step,ternary,per_step,ternary_zero_ratio,0.6347938839037284,0.008358777530152654,5,0.0037381589532438264,0.010378793128185149
cifar10,offline,backprop,backprop_ternary_step,ternary,per_step,test_throughput_samples_sec,82.89788467640952,4.4618418632390116,5,1.9953963422113499,5.540108407262294
cifar10,offline,backprop,backprop_ternary_step,ternary,per_step,train_throughput_samples_sec,51.916283797016476,1.8370760434827935,5,0.8215653826127771,2.281031185155202
cifar10,offline,backprop,backprop_float,off,off,accuracy,1.0,0.0,5,0.0,0.0
cifar10,offline,backprop,backprop_float,off,off,loss,0.2361908882856369,0.025096384918235393,5,0.011223444533334967,0.031161277638036864
cifar10,offline,backprop,backprop_float,off,off,macro_f1,0.9999999993942372,0.0,5,0.0,0.0
cifar10,offline,backprop,backprop_float,off,off,sample_count,128.0,0.0,5,0.0,0.0
cifar10,offline,backprop,backprop_float,off,off,samples_per_step,64.0,0.0,5,0.0,0.0
cifar10,offline,backprop,backprop_float,off,off,ternary_zero_ratio,1.0868809126321648e-07,2.4303396040925307e-07,5,1.086880912632165e-07,3.017665189810491e-07
cifar10,offline,backprop,backprop_float,off,off,test_throughput_samples_sec,214.17082887144335,26.460381062424386,5,11.833442153225805,32.85490254396509
cifar10,offline,backprop,backprop_float,off,off,train_throughput_samples_sec,98.20572618133568,2.526819835427508,5,1.130028183782148,3.1374612195975033
cifar10,offline,dfa,dfa_float_clip1,off,off,accuracy,0.125,0.0687766283658555,5,0.030757843257858637,0.08539746335972273
cifar10,offline,dfa,dfa_float_clip1,off,off,loss,2.282356786727905,0.08606459213796329,5,0.03848925569525597,0.10686330557779994
cifar10,offline,dfa,dfa_float_clip1,off,off,macro_f1,0.10125561673990109,0.05057621993596157,5,0.022618373164358024,0.06279867145971908
cifar10,offline,dfa,dfa_float_clip1,off,off,sample_count,128.0,0.0,5,0.0,0.0
cifar10,offline,dfa,dfa_float_clip1,off,off,samples_per_step,64.0,0.0,5,0.0,0.0
cifar10,offline,dfa,dfa_float_clip1,off,off,ternary_zero_ratio,0.0,0.0,5,0.0,0.0
cifar10,offline,dfa,dfa_float_clip1,off,off,test_throughput_samples_sec,230.6713420315636,16.008009856311098,5,7.158999644639651,19.87656952147254
cifar10,offline,dfa,dfa_float_clip1,off,off,train_throughput_samples_sec,99.75284406322024,4.220762532677899,5,1.8875823879903917,5.240768881793495
cifar10,offline,structured,structured_hadamard_ternary,ternary,per_step,accuracy,0.8515625,0.07674563556401758,5,0.03432169161951374,0.09529229269910723
cifar10,offline,structured,structured_hadamard_ternary,ternary,per_step,loss,3.0761097718201715,1.59042020769529,5,0.7112575394392004,1.9747675139109984
cifar10,offline,structured,structured_hadamard_ternary,ternary,per_step,macro_f1,0.7763052421639832,0.07332860669907564,5,0.032793549854895916,0.09104949097668574
cifar10,offline,structured,structured_hadamard_ternary,ternary,per_step,sample_count,128.0,0.0,5,0.0,0.0
cifar10,offline,structured,structured_hadamard_ternary,ternary,per_step,samples_per_step,64.0,0.0,5,0.0,0.0
cifar10,offline,structured,structured_hadamard_ternary,ternary,per_step,ternary_zero_ratio,0.6814103149346133,0.0004162758152092865,5,0.00018616420403942108,0.0005168746930682949
cifar10,offline,structured,structured_hadamard_ternary,ternary,per_step,test_throughput_samples_sec,82.38664551449769,5.911248588160312,5,2.643590735005223,7.3397845563515025
cifar10,offline,structured,structured_hadamard_ternary,ternary,per_step,train_throughput_samples_sec,54.79972715410868,1.5354035838186004,5,0.6866533572630373,1.9064553527405954
cifar10,offline,backprop,backprop_float_lr10,off,off,accuracy,1.0,0.0,5,0.0,0.0
cifar10,offline,backprop,backprop_float_lr10,off,off,loss,0.2361908882856369,0.025096384918235393,5,0.011223444533334967,0.031161277638036864
cifar10,offline,backprop,backprop_float_lr10,off,off,macro_f1,0.9999999993942372,0.0,5,0.0,0.0
cifar10,offline,backprop,backprop_float_lr10,off,off,sample_count,128.0,0.0,5,0.0,0.0
cifar10,offline,backprop,backprop_float_lr10,off,off,samples_per_step,64.0,0.0,5,0.0,0.0
cifar10,offline,backprop,backprop_float_lr10,off,off,ternary_zero_ratio,1.0868809126321648e-07,2.4303396040925307e-07,5,1.086880912632165e-07,3.017665189810491e-07
cifar10,offline,backprop,backprop_float_lr10,off,off,test_throughput_samples_sec,223.01109781106334,40.24300468524488,5,17.997218819010012,49.96829009721406
cifar10,offline,backprop,backprop_float_lr10,off,off,train_throughput_samples_sec,100.63323821143189,5.083753779635503,5,2.273523806427294,6.312314043905728
cifar10,offline,dfa,dfa_ternary_epoch,ternary,per_epoch,accuracy,0.978125,0.04074501503251656,5,0.018221724671391566,0.05059161827214708
cifar10,offline,dfa,dfa_ternary_epoch,ternary,per_epoch,loss,0.45332143920507767,0.8443697780899633,5,0.37761364439111406,1.0484235546256109
cifar10,offline,dfa,dfa_ternary_epoch,ternary,per_epoch,macro_f1,0.9650053470075607,0.07018025018901708,5,0.03138556202011693,0.08714029004463558
cifar10,offline,dfa,dfa_ternary_epoch,ternary,per_epoch,sample_count,128.0,0.0,5,0.0,0.0
cifar10,offline,dfa,dfa_ternary_epoch,ternary,per_epoch,samples_per_step,64.0,0.0,5,0.0,0.0
cifar10,offline,dfa,dfa_ternary_epoch,ternary,per_epoch,ternary_zero_ratio,0.6461409206316083,0.005326549132261961,5,0.0023821051890460525,0.006613784292193189
cifar10,offline,dfa,dfa_ternary_epoch,ternary,per_epoch,test_throughput_samples_sec,84.1402158119691,5.843519976474259,5,2.613301579054883,7.255688377572608
cifar10,offline,dfa,dfa_ternary_epoch,ternary,per_epoch,train_throughput_samples_sec,61.75026312833724,2.2662130308273007,5,1.013481277685134,2.8138751326385014
cifar10,offline,structured,structured_orth_ternary,ternary,per_step,accuracy,0.825,0.0881463294223021,5,0.03942023691107145,0.10944812381748192
cifar10,offline,structured,structured_orth_ternary,ternary,per_step,loss,3.626571520637154,1.826679817259261,5,0.8169160489037203,2.2681225653362596
cifar10,offline,structured,structured_orth_ternary,ternary,per_step,macro_f1,0.7608796177104774,0.07150520189047829,5,0.031978098434391186,0.0887854348716988
cifar10,offline,structured,structured_orth_ternary,ternary,per_step,sample_count,128.0,0.0,5,0.0,0.0
cifar10,offline,structured,structured_orth_ternary,ternary,per_step,samples_per_step,64.0,0.0,5,0.0,0.0
cifar10,offline,structured,structured_orth_ternary,ternary,per_step,ternary_zero_ratio,0.6814258573316639,0.00040616101299297913,5,0.00018164072697249533,0.0005043155073073544
cifar10,offline,structured,structured_orth_ternary,ternary,per_step,test_throughput_samples_sec,77.64847023277382,14.286976147267689,5,6.389329971641719,17.73962392525824
cifar10,offline,structured,structured_orth_ternary,ternary,per_step,train_throughput_samples_sec,55.94985848943726,1.8016269695258245,5,0.8057120747913371,2.2370153462531706
